Name,Lowest price,Price per slot,Trader price,Hash EN,Hash RU
.300 AAC Blackout AP,0,0,0,0d5c499ca3bb58095cfc33a2644ce262,d60c48271c0ca89a8f9a608cdc0d6d30
.300 BPZ AAC Blackout,0,0,0,31c5cb33d708f8501dd8120a5b632143,e80a6ab0a4cbd899809d5ffa80ac935d
.338 Lapua Magnum AP,"2,65","2,65","1,484",0eb32073c6b0d35b4193f5dd576051ad,aa773d5ce9151fd5be67bed6c5407443
.338 Lapua Magnum FMJ,"4,01","4,01",538,45c19dda4861f9fc20ea085c6b1fe85b,9188bf989c5f5abfb5b9e41ca00f4711
.338 Lapua Magnum TAC-X,839,839,616,08d78e041992eb8912eb2f519e92a7ad,423f4faf29c6c285d8312f9ff17803c8
.338 UPZ Lapua Magnum,0,0,0,14e2c5e6e79035cd424387e1deb944f6,36cc2dde12979805b33858a14ce0883e
.366 AP,0,0,0,fe52f1889403e5ab2f117bd2abd59ac7,8750720160ac6b75bfdb934610be1607
.366 TKM EKO,216,216,36,77b6299a1c7051179252c7e092f3758b,05091e76c3828c7ebdf1c446a0b74603
.366 TKM FMJ,47,47,24,b92f3268a1624d1abf3e5ec0f1554ee2,1abd63372f8a9dd468156ef040c7af74
.366 TKM Geksa,"1,735","1,735",32,b92f3268a1624d1abf3e5ec0f1554ee2,838fb4eda6264aed766ae8ea3bcbd0b3
.45 ACP AP,145,145,81,b92f3268a1624d1abf3e5ec0f1554ee2,9188bf989c5f5abfb5b9e41ca00f4711
.45 ACP FMJ,0,0,0,61796680ba16e241924f8b3953599801,61796680ba16e241924f8b3953599801
.45 ACP Hydra-Shok,898,898,55,61796680ba16e241924f8b3953599801,6730bb5d27d28b2ae9abf41b352e7423
.45 ACP Lasermatch FMJ,350,350,49,5ef2f52d8e33fd878a0cd965e118009d,147e847af67b29caefddd876b2f99cf6
.45 RIP,0,0,0,1b9fee53af06a5a995bf3fc0f90f7f74,1b9fee53af06a5a995bf3fc0f90f7f74
12.7x108 mm B-32,0,0,0,No hash,No hash
12.7x108 mm BZT-44M,0,0,0,No hash,No hash
12.7x55 mm PS12,338,338,157,20f30e4bf0b3f548290cc1805c17b5b7,82469525f76f11c80b3820c2f9f12bc3
12.7x55 mm PS12A,338,338,157,009d376eb8112e4d5b444e8cb06a948b,7d89ab5ee1f1a67bc1695be1c631768e
12.7x55 mm PS12B,"1,449","1,449",255,20f30e4bf0b3f548290cc1805c17b5b7,e03ab7d05cb9014d6ea22c94e7cd923f
"12/70 ""Poleva-3"" Slug",0,0,0,9de632e086be1902479e5edb75dbd870,54be2b8c7cae31557a7ee48019e8c892
"12/70 ""Poleva-6u"" Slug",0,0,0,4bd0d121f419476f3cd9c2101a2380c2,1d50d9bbdaf0e686498d61920f95f9b3
12/70 5.25mm Buckshot,0,0,0,e15e8d3099d49ffbe3a9b73e0fc52276,No hash
"12/70 8.5 mm ""Magnum"" Buckshot",0,0,0,367de9f1237c0897ee0848abf9760ee5,43234177d3e518fce77d7563b1aa6dc2
12/70 AP-20 Slug,0,0,0,8865b5f7c3f9b3d3c306bf9974d81beb,74c6dd062476c52fab525c71996f3c47
12/70 Dual Sabot Slug,0,0,0,8865b5f7c3f9b3d3c306bf9974d81beb,c23a7149761d49f3c2b17c65c1d1d3fb
12/70 FTX Custom LIte Slug,0,0,0,ec34d93c78ef57b99dbadf4f60efa3ae,d6c66ea6916af8c20a670c502ab0994c
12/70 Flechette,0,0,0,57ce49736d590f017eb80040f8ccf69c,2c7669cd282e822ea41c8ff231eb414b
12/70 Grizzly 40 Slug,0,0,0,eca8b53d1ced9d827cbecb395e9508c1,b88b46a7f479397c7a4598b61955844c
"12/70 HP Slug ""SuperFormance""",0,0,0,f1156fa1f9630c14c93fcd516d51a1d9,751acad3a1c53d97c69e79aa87225627
12/70 HP Slug Copper Sabot Premier,0,0,0,f1156fa1f9630c14c93fcd516d51a1d9,40913aa49e7103b8f81c3f0df1442461
"12x70 6.5 mm ""Express"" Buckshot",0,0,0,f1156fa1f9630c14c93fcd516d51a1d9,b063a6d64fb4f727e6afaf8ed82395ff
12x70 7mm Buckshot,0,0,0,7111a2689cc93d47f8d4c22b6283c623,bc444b8b8c71b2531e1b6dc6886c0e8a
12x70 Led slug,0,0,0,7111a2689cc93d47f8d4c22b6283c623,e0d256438ead20d079b1d9c609c4a0e7
12x70 RIP,0,0,0,42ee1ebe964dfca31896e274024808c9,625d4e066e9f22f701cd99b16e4eb37b
12x70 shell with .50 BMG bullet,0,0,0,75ab5df2fc716abd1a4d55aab391b4ff,32e01631c38128128e7069dd466c69b9
20/70 5.6mm Buckshot,0,0,0,75ab5df2fc716abd1a4d55aab391b4ff,2f3cbce746730301f0202fcabf853a44
20/70 6.2mm Buckshot,0,0,0,53f6d4adc807d9c16992a87749775f55,a008268b44b14377bc57ca13fdfdf522
20/70 7.3mm Buckshot,0,0,0,6d10edcd9f31be1f02056e9f00f0e111,d69d2c65f2e90811a4c6b270ff8f2ed2
20/70 Devastator Slug,0,0,0,6d10edcd9f31be1f02056e9f00f0e111,ebbd2c64abd410e9cd93c74834376520
"20/70 Slug ""Poleva-3""",0,0,0,21a1f62fcf870becdf641fd324cc4353,5df981b335f23647e820ea6bf4435b28
20/70 Slug Poleva-6u,0,0,0,db6d7f470c314640b75d7fc03e789522,7fdd3ae144eddbd5989308049f19c5d8
20/70 Star Slug,0,0,0,204fcbbafde308b735a83493231de730,f97b807858272b05a50e554a483f59a5
20x70 7.5mm Buckshot,0,0,0,2eeb3807d66766075234603bdab68d13,30e979cae17d018c77bf7bcb760d5473
"23x75mm ""Barricade""",0,0,0,7bf4c6790e4a2dbe00d4894c99efbfb4,f76c081cbccbea514e71822bc4d2536a
"23x75mm ""Star""",0,0,0,5383f32c75e64d482fbd99d0764d4744,c99add84e94c18b9c09800e9dfbcfe73
23x75mm Shrapnel 10,880,880,44,f55aa0f963974b789c5d03d2ecde526f,7109f6d7b2d528122bfb3734101fb96d
23x75mm Shrapnel-25,388,388,54,13154a1f6b2a079828e96c8b143df0a0,5f9e87033e56d480fc52a6d07b427f54
30x29 mm VOG-30,980,980,549,No hash,No hash
4.6x30mm AP SX,255,255,143,3ae79ec0b6ae14eafaf3d6831805ebc3,500b19f10c076422f9060c7d58189ed2
4.6x30mm Action SX,119,119,55,854cf9a8b9d29a304f9355a356478967,554ade41bcf4bc78a3a1f9bcaec43c39
4.6x30mm FMJ SX,"1,009","1,009",69,f1830e84c73ba8702e3658ba7da470cd,0f52415276465e5d70758588250621ac
4.6x30mm Subsonic SX,162,162,91,ec4dd328c8c6f31047ab423dd15cd80d,425c2c494223b8a317787e9b8482d6e4
40x46 mm M381 (HE),"22,957","22,957","3,192",42457725ced802d045056509dc02a598,a6e92185d2fdcc08cdb549eb3bcc2e07
40x46 mm M386(HE),"4,696","4,696","3,836",da52db111c087da9a5247fc39fa3c6a2,3e8a7c5bf5b882408edc798fa8d89827
40x46 mm M406 (HE),"4,562","4,562","4,312",399ec8d38982140062465c977abcea1f,9923191220c0749f02f29aa64c7e99d4
40x46 mm M433 (HEDP),"10,5","10,5","5,88",92bd889cf723ed07f7d3a1abd85b8719,7f3bee9755edce3d0ef0eb20d9065f47
40x46 mm M441(HE),"8,5","8,5","4,76",db8b2f5a881072df458ae05c8d8afd0b,45611807465af63afa5d8d3dae9adcd8
40x46 mm M576(MP-APERS),"1,548","1,548","1,624",747ed18f1f9b3b19b3db85b5196c63e9,c4b429a372034783ab3349a47c4be644
"5.45x39 mm 7N39 ""Igolnik""",0,0,0,ff38609a4854975d38f47b61b120e5b0,5417c444cf18a3c7b76e90ef611028d1
5.45x39 mm BP,"15,5","15,5",560,34ca639cef611b6a082e5f67b90e1a1d,2755aac771795ec3fa564374908705f5
5.45x39 mm BS,1,1,560,31de961a14009cf5f21d4bd0696e6a90,22d5b91dd0d4bad530e7a66a203cfd9b
5.45x39 mm BT,"76,444","76,444",560,82df0db6060f86ba4293d2f251bf7397,124dd328d9e40fc4eca2416cf4569c12
5.45x39 mm FMJ,1,1,560,7e085c0dfd89b62742f8879da8f632e7,fdab3fb6ac8e550634dee11b46ea5ce8
5.45x39 mm HP,"3,847","3,847",560,35dabe5af2f986c449ba8b7c28fc9e85,7763a49e3cff5c3b96de9a3b8be2b5f6
5.45x39 mm PP,"24,444","24,444",560,9f85c1e5ea344d88c71e68bff9fba843,8caf2f9494d1dddaeaf79566cf5cfacf
5.45x39 mm PRS,"8,46","8,46",560,a7f2fb85c5c1d3c7c61d5cfc513d349b,04601fa15d45da2330954921b093ee31
5.45x39 mm PS,"41,375","41,375",560,d1a7d29dc855a1e0e8a64f2d3f405a4d,9e2440200f0f1d15fc1863e7a8469bbb
5.45x39 mm SP,1,1,560,8fa056334e562a9fbe460bb0c44ba36f,5f2c716d62fe4029b6912ebb5258fd15
5.45x39 mm T,50,50,22,ce35ef4514b29b786aaeb26c55511d1f,de98bd4f6d213544e23c06e4d5a0146f
5.45x39 mm US,75,75,44,abe05ce5d7992793dc20599da500c24b,0dc0381304ec6a89dd3f913ffd7162ed
5.56x45 mm 55 FMJ,0,0,0,abe05ce5d7992793dc20599da500c24b,a2c29013034d798072c6a710f0154f78
5.56x45 mm 55 HP,0,0,0,bf2552a488ee396043b710379123e6cc,5dfa7a69331644a738223a044cf9df59
5.56x45 mm M855,15,15,560,da6bd6c4c77956456ef522ba32809a55,ef4888a6005dcddb46e0dce36e24fdcb
5.56x45 mm M855A1,142,142,80,90c841ff7a364d50105df09049868e45,3b16388fb54035e0aa7b33530d2c5cde
5.56x45 mm M856,216,216,72,e4d3e7f3cc961cca129d460404b6c6fe,da57264bf57dd986f0f0c79d1a5e8794
5.56x45 mm M856A1,182,182,102,eec34f50e6704a6604ffb88b375104c8,12003d56d7b9e542f3d01ea8acdad657
5.56x45 mm M995,345,345,193,cc139747b758a4607c65db1af977de72,5b046573654e8cf886a516473b7d49e7
5.56x45 mm Mk 255 Mod 0,0,0,0,1367f0fba12173a4d6e1da8d259a05d7,802ee5aa87a2a11eecbd88393f4c1612
5.56x45mm Warmage,"1,283","1,283",560,d14d56dfed877fea97ab056882d0cc58,95a7ddd23b60b27435068aa608723658
5.7x28 mm L191,"1,2","1,2",63,ec42d0463ee0cd310bf4072c621d6288,4e7c7dbf79a5ef19a75f2def7825db1b
5.7x28 mm R37.F,406,406,104,12d9a258b001c655a142d4d0eb5fe4e0,24cfb2444f7f3e60f4f49d122878580e
5.7x28 mm R37.X,527,527,87,9709bbf60b42b62d99ae7d35b5a8d318,ac3778b584c7d32504c6c4e5e68c8c9e
5.7x28 mm SB193,143,143,80,4c3f2c4d143802becdbe68f42a16fb84,7d7ae30ab43899e1b7a4c209df5ab720
5.7x28 mm SS190,105,105,59,c072b65633e3e09b8f3680b3742eaa9a,78bbde92d579cd98e8c8262183009aab
5.7x28 mm SS197SR,560,560,62,6100e2d53ca50d822417ba625f1f568d,2d68f3d6e8b3cc6532413e3d9cfad5e2
5.7x28 mm SS198LF,749,749,75,1e8505625ab04d6b48110dea5b9b7f3f,e16f93e1255a8e79b1df849761a91210
7.62x25mm TT AKBS,49,49,27,13ce21de965cc1f056b82d7e01045c72,cc29099e5e0bf007c6861ce9c3bcf58f
7.62x25mm TT FMJ43,67,67,28,34fce1e55c4272b686f31afcf261ff1d,121ea85dada24afe4e7070781f64aa06
7.62x25mm TT LRN,68,68,38,de5466b8638d5f37fc31517647b64828,cdc1f79cb09d93afc2e0ee31b16dad8e
7.62x25mm TT LRNPC,68,68,38,3714f1d91e962564603c5c375553d917,fdbf39dd4a9151e75809e9f4829ca932
7.62x25mm TT P gl,61,61,29,edb002e2334693bc918e80745c53e9c6,5919cecb54f77a3f918831d4cc3f26e4
7.62x25mm TT PT gzh,666,666,35,361e50b501716e8cc74158faadf0a155,936111406c9f4e41a9e1df7cebecb5d0
7.62x25mm TT Pst gzh,70,70,39,71a23013bf6c7238552c4aa4fbcc75a4,43bd615a4f8b5cc0690a283b05531989
7.62x39 mm BP,299,299,167,691d748c573756a360afb440fd0d1049,8582303967451cd3d31c256f81b37131
7.62x39 mm HP,116,116,34,691d748c573756a360afb440fd0d1049,6a05cc40c5e08409ab42ea6373558508
7.62x39 mm PS,"9,011","9,011",560,1393550d9ee4ebe28ab3cd551e404175,f251d311f1dcc90d483c3f8a5c300197
7.62x39 mm T45M,63,63,32,1393550d9ee4ebe28ab3cd551e404175,d34f0beef185a14608871d1b7d196d63
7.62x39 mm US,"1,6","1,6",75,7044e98c287cae5a02762a01a7e0e69d,1d97a4fbb328f59b1e1d477f067f00f6
7.62x51 mm BPZ FMJ,0,0,0,7044e98c287cae5a02762a01a7e0e69d,d098ff671a271f756371fc72ab529c50
7.62x51 mm M61,390,390,218,1c09f7352b2b6b33ee0f55aed187c25e,5a02d8c7a75ff699ba06b78d41a5f2da
7.62x51 mm M62,275,275,154,fc262e531d89bbaad8d2745663cd04f1,f3d83e6140bb7e73cd664d77405ed48b
7.62x51 mm M80,942,942,100,f632d69d613b0286642a1ec3274314ac,4af976bdf2365f80c6bdbfd4421cb6cb
7.62x51 mm M993,450,450,252,bd961dd84358352ef727229f71eeefdf,05c84018fc6c04304b4ffd3f5a0a753d
7.62x51 mm TPZ SP,0,0,0,d19bae76f85c1b6894a68505af901d08,9c59f2d17f7e9702729e3e3394efdc37
7.62x51 mm Ultra Nosler,524,524,179,b8749d121b4942b2d06b8381b0aa1809,4170695af8934facf7d27d07a2ab8695
7.62x54R 7BT1,0,0,0,16b755eaf22c80682fab47e6bbc31ab2,80d0a4a1f9a04659010a34c02fa7f037
7.62x54R 7N1 Sniper cartridge,0,0,0,d71f39ef6f90d68cd67a717d8758d715,b2cb5831fba026d25e47549c6bd6b6bc
7.62x54R 7N37,0,0,0,1b011e1ffe3b445a4b720ed8290dbcd2,806c8a6da7c6829e0a5c3df219027f99
7.62x54R LPS Gzh,0,0,0,6756db92fa35ea4204778894d7d13493,fceb180480e90123c203c99a631b27d1
7.62x54R SNB,0,0,0,bb99d24bca9c97361eab7d5b30019a2b,dd354899fbe3c1b3a437d103b0c45b05
7.62x54R T-46M,0,0,0,62183fdc26ac6511fcc974ef2f6b3e2a,62183fdc26ac6511fcc974ef2f6b3e2a
9x18 mm PM 9 BZT gzh,0,0,0,75e4fde1f24d2ab86409742bc74c1aee,c164b1d30009d6a5f9c708cbe5604774
9x18 mm PM 9 P gzh,0,0,0,51e75616f28bc4b6e2d39d198a5666ec,cdd3cb80e7110877563a3335cf9601d9
9x18 mm PM PBM,"16,5","16,5",560,01b0bb1294ce20976aecff925ca8d47a,a17574cb219d3ff84aa5437eb4b95949
9x18 mm PM PMM,0,0,0,1cd92d9a589cfafe194d2c3e57618cd1,6069b168ec08743f659dbfaf27dcceaa
9x18 mm PM PPT gzh,"6,9","6,9",560,7d962dd33d01c40d5b29f28b34bc1af7,b5c5f591ce1180fbd18f44ba612239ab
9x18 mm PM PPe gzh,0,0,0,fdffeba48d2cdf55251d44f6c7833371,8f708d9bf71da1822de9a3d8dd366f34
9x18 mm PM PRS gs,1,1,560,d490e891fe4f41a2ef00a82d0457ea98,67815115436ffe6328da93db461783c6
9x18 mm PM PS gs PPO,"9,2","9,2",560,bdd5520f401c8b330a30071fef2c7f12,12104c1bd44ce6742330488e061e5c57
9x18 mm PM PSO gzh,10,10,560,3d92bfa56a9a09518eb9ee3135a0c0c3,43c385ecc212ee3c5439a6d44b471f71
9x18 mm PM PSV,1,1,560,d74f86c466b1d801a95bd9054463185a,86a9a664f8f25f1766f4738a4a28cbf7
9x18 mm PM Pst gzh,1,1,560,35d87f00320c097806b115171d1124b9,1709ed7a3badf185b42cab7e6d85627c
9x18 mm PM SP7 gzh,50,50,560,cfe3bbb13bd5705184523dcae732731c,588f7c81e19eb9e2b75ff1df9b35d835
9x18 mm PM SP8 gzh,"8,7","8,7",560,9c66b43055f0a1e055958068233cb781,db9519147404cc1a60ac662ad2afe897
9x18mm PM RG028 gzh,1,1,560,6f1db00bf1c6c8aff5cda16874961798,288a6d8d09864d1be1733b7f13d6e8a4
9x19 mm 7N31,0,0,0,dda1e96be3da5e509d1cd70045656921,df287fc99e44bb79fb4ecb70f91bb5fc
9x19 mm AP 6.3,110,110,62,6c04aceef321390f9744d59471911716,a6630379fe584d47a24402e0d3222490
9x19 mm Green Tracer,0,0,0,6d1c9273134efa128975d8eddc283a3f,e3943b099f91b795562bb8b131e429ed
9x19 mm Luger CCI,567,567,104,9ee557851482e6d181a6871248ce9f1a,1a80edc1a67c1964a9e1aa305d8e8d0e
9x19 mm PSO gzh,109,109,27,cea96f78df36157953b7ccd24f7a0322,0e0c9b124097a2f8f58625594caa70fe
9x19 mm Pst gzh,1,1,560,5409151064e40dabf05e8b1c113e0b17,895b56f2cbb51e5fb35144d68a49260e
9x19 mm QuakeMaker,641,641,78,d1fb280f88147d2e327ca555b878d16a,aca2c55fe3914909168ac55868314ea6
9x19 mm RIP,20,20,560,fbdc918470df24af2948a75c8df33af0,81de0768d429e46cc075cec253f811c6
9x21 mm SP10,0,0,0,7dae33fbe8e9908ca991ec6c6561cdc2,c569a0f64cc4d558f20f1f8ec4d93247
9x21 mm SP11,0,0,0,0743e5fb49977812d066d29c328463e6,f89e1b3c6dcc291fe1503eee4ecb5ab7
9x21 mm SP12,0,0,0,6e86b8269a99a4313d76ec0009e8fe87,91fd70c26284bd7df7196045779549f3
9x21 mm SP13,0,0,0,24d7daae404e083970b7edf39565f6a2,c525775d08ea9137196a4ad652055afa
9x39 mm 7N12 BP,0,0,0,d0aae8787f0070c8dede5aa8bb56c31d,58b69588dfb45f63927177011298069d
9x39 mm 7N9 SPP,0,0,0,ae197d1876a4e4c4d5fdfe6966afde95,a631f7f40447d9a404e25251e443db72
9x39 mm SP-5,344,344,90,63088caed3990075086594727488ba7c,1306ba7f50de4014f0b93ad413a78678
9x39 mm SP-6,550,550,120,219cb75960d77707303fcc836349aa59,b0d4c071088d6813d0c5f9fa68c11fdb
9x21 Serdyukov automatic pistol SR1MP Gyurza,0,0,0,f464c143a651b2e0f4909c3ecfff46d6,afa75079bbe0af2a1b01c9bfb2bc5ef3
ADAR 2-15 .223 Carbine,0,0,0,89b72854a64cd1947280855c230d2803,7ce56fcaa169cb68cf7f2b8f35d98a3b
AGS 30x29 mm automatic grenade launcher,0,0,0,No hash,No hash
AK-101 5.56x45 assault rifle,0,0,0,88f7722ba2218756bb058253daa4a3e7,3ba14755f06784b887b2d6534432e8cc
AK-102 5.56x45 assault rifle,0,0,0,b7516006b5fdf57dcc6d914446defe0e,c2a7d11d04ee4f9f6afa7635006d18e8
AK-103 7.62x39 assault rifle,0,0,0,21318708bbf1ce89d5b8718d81263981,1d069cb0563910f3a917bb6d1842be9b
AK-104 7.62x39 assault rifle,0,0,0,21318708bbf1ce89d5b8718d81263981,b41e0d5e7fe90aaefd09596993ea65d6
AK-105 5.45x39 assault rifle,0,0,0,21318708bbf1ce89d5b8718d81263981,da61f5351301d0299edb86045afaf0e2
AK-74 5.45x39 assault rifle,0,0,0,abc9b75786789247b302dbd69376cf1a,52773f99116378a4423dd75008ae79c4
AK-74M 5.45x39 assault rifle,0,0,0,a090060b2a66bed14b7b5a26a3036f79,9e2e6d73e99fc04c111e99b37beb45db
AK-74N 5.45x39 assault rifle,0,0,0,635aa48fdec12fc4a9a36d136ae6308f,926aed98d46f5ce4a1918bf54dc402cf
AKM 7.62x39 assault rifle,0,0,0,e172def90c637b57749c6044543c39f7,3be20c4a9f57641ed353b6db4af86b34
AKMN 7.62x39 assault rifle,0,0,0,395d730093e5d1e0b4d5f3e8b2e6c43c,68a010d201d0fa142c471253b0bd180e
AKMS 7.62x39 assault rifle,0,0,0,559052172d7bd5d5582a30046899a8dc,6b96435cb166d906ba6d8ea6ddab9438
AKMSN 7.62x39 assault rifle,0,0,0,dc698e3712f4c17da705e1d7f6deaa5b,074f80fa3494b44f010568321f682564
AKS-74 5.45x39 assault rifle,0,0,0,46515dc408631f9647982d82b0dc8564,b726a06c5a076215bd04495be4c5b64e
AKS-74N 5.45x39 assault rifle,0,0,0,a8846fa74f6db15b1dac8733de204feb,ea0630286d5cb5806b1c79920c5f3c73
AS VAL,"35,464","17,732",895,2b1d59acde9f47e82cfbab97ec8ca67e,5a902b014fab4f9a42c238a608e2c71c
ASh-12 12.7x55 assault rifle,"57,999","7,25","52,528",142323fd309615ece266823fafa42526,e23489b9a4660edc482337c2768f970b
B&T MP9 9x19 submachinegun,0,0,0,3acd912e8b4c03d9fc0e9168fa859ccf,21d87748ffd405f413de5f00755b9b3d
B&T MP9-N 9x19 Submachinegun,0,0,0,cd1918eb467d9a75c8addcb9217ac3e7,faeac2d4b7012069743a8d4513692e6e
Beretta M9A3 9x19 pistol,"13,711","6,856","2,688",7364d920289981ee869dfa7492eed456,b1f4adab5b1abff01fd6f4ff1bb00419
Colt M1911A1 .45 ACP pistol,"9,653","4,827","3,028",0540f22a13b3fc3bf899d12cd022c2b0,0af24aee72549a39c9050a8bec51a065
Colt M45A1 .45 ACP pistol,"11,322","5,661","4,148",e43de8ee5dd7a6162c478bc9a60c7a14,df2c7718789f0634ea17efd1e8917e68
Colt M4A1 5.56x45 Assault Rifle,0,0,0,68b91bb59a7eebd8b660dedfd4aae76e,f774b633f0de7c6fc0946462f47457fd
DS Arms SA-58 7.62x51,"33,842","3,384","17,412",559c978815186f76d2352592b11abe37,9ac0a1bd08314518a3ed8be7fc5da250
DT MDR 5.56x45 Assault Rifle,0,0,0,853b484c9cfec5655dd8c48e956ef6a2,fe1e41992285afd64097bd4ac986415e
DT MDR 7.62x51 Assault Rifle,0,0,0,600450c674cbd76b7131d46ab3bf3459,8c77b842f14d0af5574f4d210401053d
DVL-10 Saboteur sniper rifle,0,0,0,a1c8c28607daee44d728a216ee0626a6,ed0f57de38464af034821bed0323f945
FN Five-seveN MK2 5.7x28 pistol,"27,779","13,89","7,973",8fc2b0d361680464b41687956fae4934,d099e0dbe6b54f3a4fe15a10ee8814fb
FN Five-seveN MK2 FDE Frame 5.7x28 pistol,0,0,0,227dda6fa830a1c0395a3926c330640c,3c68a1c67dfa8a821c7049b819904863
FN GL40 Mk.2 grenade launcher,0,0,0,81017a217a68681c9bae41937b0b7996,69d58eec51594c8c768fef9f9b711c3a
FN P90 5.7x28 submachinegun,0,0,0,c30ca874f84b3f37f505b40603229d55,15b1c0ce8f5c54ce50f9380cdba5737c
GLOCK 17 9x19 pistol,0,0,0,2c80aa5f62b191f593e8239f60f66389,5da80c423bac85dfba46c2ecfd187542
GLOCK 18C 9x19 pistol,0,0,0,c83eaf600b28365daab8b518747e13b1,73bca4f9853b542fcf92b4d1c18afbb3
HK 416A5 5.56x45 Assault Rifle,0,0,0,13908ced84f47204e0b35af4cb55a461,17529c29ac32e137cac1bd46af8e8e10
HK MP5 9x19 submachinegun (Navy 3 Round Burst),0,0,0,566fd2c950986ea790ced7c59f08076b,9c7378d8f2c440e3a0598c4d8e42172c
HK MP5 Kurz 9x19 submachinegun,0,0,0,7d65b10866d7575196c2e55409da2aec,046de5a67e570c54bc5d11a8a076cc16
HK MP7A1 4.6x30 submachinegun,0,0,0,b2619425b0fb7bee6ae158efa7bb5a29,20f0e44075c0433ea8893bb2020c1cd4
HK MP7A2 4.6x30 submachinegun,0,0,0,674600fa8205a5c5f58025e655dd5fd8,2cecbb280dc56e28226ce75084732ecc
HK UMP 45 submachinegun,0,0,0,6e0d9d503f9af77e72adf798db95846f,36e54c228955b69f2fa0ce09c115a04e
Kalashnikov AKS-74U 5.45x39,"16,221","2,028","7,64",914aca0a422cc0ce58abba9bfd6bbcf5,1146b3ac46b91c2f013c35a2106a2edc
Kalashnikov AKS-74UB 5.45x39,"26,936","2,694","12,178",bd50c50f3bf9f162c24e5ebe5537abe6,e3bf99680b237e122532d5c8c1385c11
Kalashnikov AKS-74UN 5.45x39,"27,501","3,438","10,833",fb71b138689de63f171ed40a9a0a2985,63a384b0674529bf0d201d50335ee628
Kel-Tec RFB 7.62x51,"53,714","6,714","13,048",f90cc573dfa45b3b1559feafa620f7a9,e57b6bc0aebffe97c207cc7197b6733c
Knight's Armament Company SR-25 7.62x51,"75,414","7,541","14,763",08feafd89493544374481e64852844de,baba879feb5a5089f1ca5e6b3dbe7dcb
Lone Star TX-15 DML Rifle,0,0,0,662586f6586df1542d865eb996fe7d39,baec877911ee40091be1876513ffea28
MP-133 12ga shotgun,0,0,0,e417853e096f87e9d7101b03cd875abd,e2b13d276c2cee37cce474cf7853643a
MP-153 12ga semi-automatic shotgun,"23,565","3,366","8,389",41eb0a511b04a1bdf385fb43e963348f,171cc8ed9e31376f2c3d5e2cd88e5e20
Mk-18 .338 LM marksman rifle,0,0,0,2c8eaedaea08946af778c7af4253739a,0db47e34f137899cce5ee7ac876e80d0
Molot VPO-215 .366 TKM rifle,0,0,0,6e316b56d9340731b3b09bb2d68c7fdf,2001e1012e6b3281fd33dcf8028b9bed
Mosin bolt-action infantry rifle,0,0,0,22b05007a6b0d2d58421433fe33087d3,938949d0527c58c1905429bb5d49eaca
Mosin bolt-action sniper rifle,0,0,0,0ad3aa79791d6f59efbc791131927d77,485eeb9abd9d317e66229fee098c9ca4
Mossberg 590A1 12ga shotgun,0,0,0,283bf5e84acd5f84b1af26393d90812f,84367994dbe1160cf0bc5cfa5f25621a
"NSV ""Utes"" 12.7x108 machine gun",0,0,0,No hash,No hash
Orsis T-5000 .308 sniper rifle,0,0,0,86bd2aadba7b8b4c9e8d6c2a209891d9,4450f32218ce3d9dc92645c6830b0871
P226R 9x19 pistol,0,0,0,0fe37908af5f4f74c29d54a22e65d3e3,1f6159999a25ed3343c7c3c2af8b6ef3
PB 9x18PM silenced pistol,"13,135","6,568","6,439",29c5a3e55fbf2b54cb326c6dc85272d3,882d8282a50fa93b4db449eea941a14e
PM (t) 9x18PM pistol,0,0,0,556984bd5ff3c59a86608209a23a7862,48ad0de348c25d437f4db60b42d32b57
PM 9x18PM pistol,0,0,0,556984bd5ff3c59a86608209a23a7862,882d8282a50fa93b4db449eea941a14e
PP-9 Klin 9x18PMM SMG,0,0,0,b489449beb7d1c803fd1772def048665,02cb3747acc0e669e6989f6793fb1185
PP-91 Kedr 9x18PM SMG,0,0,0,376e0aeff4235ec028cedb454cf21859,No hash
PP-91-01 Kedr-B 9x18PM SMG,0,0,0,c337bba411b161343f90ab3f8dabde9c,50aa003539bb691f9edf7d23403b5a71
RPK-16 5.45x39 light machine gun,"44,309","4,431","12,522",b4e4b471828549b5ee94cf68dffd5fcd,b5cdbc5e7f1629e35d9e103f1af04237
Remington Model 700 Sniper rifle,0,0,0,66192d8cf61630884bc306d848388346,ffe82f0761f373a5961ef67f43253bf6
Remington Model 870 12ga shotgun,0,0,0,035e117cb1628fc2736f33eb87135b68,0b2f8ad977d28721d8f74700f48f797f
Remington R11 RSASS 7.62x51,"396,375","39,638","24,963",90ce72ffad8ddf17b0ee27fdb900cec6,489f9143a9aeff5382d1819f6798612b
SIG MCX .300 AAC Blackout Assault Rifle,0,0,0,9102b55a803b48c308da1bce5f09d6bf,3125e499752c2e256095b9883e43c066
SIG MPX 9x19 Submachine gun,0,0,0,cbda1235a4c1ab31bf84b3373f0ef013,e904e65c0c28e8ba469314f85f68d9a6
SV-98 bolt-action sniper rifle,0,0,0,e4197a8014ec999f7d40d8f1139194cb,6c02c228f9454c34985c2bf63d54df3d
SVDS 7.62x54 Sniper rifle,0,0,0,8855c0c69988e9ff44ee08fd92e946e5,d568818790708fb1b96ab7e435bf11a9
Saiga 12ga ver. 10 12/76 shotgun,0,0,0,d2d46081b2df1ec1dd18824053633fc2,8867e38b400042b72a294dd507d79f63
Saiga-9 9x19 Carbine,0,0,0,f5750ea972a6dfef9e0f494221e077dd,ea5bf67f650c534b8a3df58e448d8a16
Silenced Stechkin Automatic Pistol 9x18PM,0,0,0,9b3dfe6284213ce2c4034b0b9b7528bb,882d8282a50fa93b4db449eea941a14e
Simonov Semi-Automatic Carbine SKS 7.62x39,0,0,0,96564b5caf883125d10858528643168b,7fba1feaa486b67b171d2be048b80d7c
"Simonov Semi-Automatic Carbine SKS 7.62x39 Hunting Rifle
Version",0,0,0,350c88572d1b419eec1436cba78eef4d,4e0ca66f6b252e444657e4a6e568a968
Special Sniper Rifle VSS Vintorez,0,0,0,2e859d1028dcd709f0f6e9bdfcd696f8,405ad40abc8df73df850d0bc00925070
Springfield Armory M1A 7.62x51,"68,571","8,571","18,158",7c679ebfb4b22f45068ecbd7d709631a,7420106398f8857a1cda4ea0c5fde3e1
Stechkin Automatic Pistol 9x18PM,0,0,0,24fd2564a338c6f131915db501b26772,882d8282a50fa93b4db449eea941a14e
Submachinegun PP-19-01 Vityaz-SN 9x19,0,0,0,dfc9bb4d0df235230a25c75b4be15272,cfe9522a6caf569a304c76f4c580310f
Submachinegun PPSH-41 7.62x25,0,0,0,f118af3a7fbc43f6fefe17fcce683482,091bc0c99ff64d1be463983d5b0cd113
TDI KRISS Vector Gen.2 .45 ACP submachinegun,0,0,0,f150937f297187f582ee4ea6c11870a4,57880eb350a8deddd911950c057ef986
TDI Kriss Vector Gen.2 9x19 submachinegun,0,0,0,a5e3eaf8c9556dd244efb15271852c29,5b501229cc3b4e4158f6169fc0fbdb88
TOZ KS-23M 23x75mm shotgun,0,0,0,42cc1ac0d2eedd30d5e05e0bd02d6800,3938d6a1573a117aefb0030a23301bdc
TOZ-106 bolt-action shotgun,0,0,0,3f7b00b023ce128eb8688d8dba46bcdd,85f65d751b48e49b91884da9bc4572cc
TT pistol 7.62x25 TT,0,0,0,5c62977cc9799eb8fb36212d297d4581,42bc63123f68dd9a70fed9a76aeeb806
TT pistol 7.62x25 TT Gold,0,0,0,5d18b4c752a48bfc3a919c72f570b5b0,85d7a8b383d8e987da30c30aa7623883
Vepr AKM / VPO-209 366TKM carbine,0,0,0,88e4c270596114eff760b07ce23c7930,fc6558a5966e8b9cd9bccf1078d510b9
Vepr Hunter/VPO-101 7.62x51 carbine,0,0,0,621a0025a65708fd632b02b186876c71,edd9e68f5bc932acbdac006cc6879163
Vepr KM / VPO-136 7.62x39 carbine,0,0,0,235e992f0a599a09779e30a677539507,b2b0f866701dec382724fad99426c310
Yarygin MP-443 Grach 9x19 pistol,"10,866","5,433","5,845",b81f31563762bbbf0d19ebfb3f31a95f,a4a1803521842f41a9c3892d827aea5e
"""Big Stick"" 9x19 magazine for Glock 9x19",0,0,0,94b3215ea26bb5e0e30e7d60fe00bea2,98627d375e9064f6e8f02d2029930cbf
10 rnds. SKS internal box magazine 7.62x39,0,0,0,7a18bd2cd17c1bdc4438234da07910de,c50e2b238a1e1e9aee64663db246b37d
10-round .308 AICS M700 magazine,0,0,0,676495de3f6646ed0eeab811bb67316b,ff9ad86210de635324e7a6ae7437378d
10-round .308 DVL-10 magazine,0,0,0,f3bdbc97e6f1f8976b7fb8095b8a00b5,48e980688c93020906c43b7288d565e3
10-round .308 M700 magazine,0,0,0,5c8c41364b21aa2eec65d02cafe4953e,28c9aa9f3dea81c8ab5efcb69febab16
10-round 6L24 9x39 VSS magazine,0,0,0,2c5bbb7a95e41e8419779046e93b61e2,ce3595776d5790f9b72ca8b0f07c1feb
10-round Izh.9x19 Sb.7 magazine,0,0,0,46ae8efa9404f1e9deceb09436de5daa,2b5873272d48c5f53c82ac4f0ae75c7c
10-round SVD 7.62x54 magazine,0,0,0,66010312ff13d6489e1ceeabac7f71f2,cbee51fea2c8db0563de86af2cb94e65
10-round Saiga 545 5.45x39 magazine for AK-74 and compatibles,0,0,0,729302d5b66e9552455bb026e5d7d23a,e2b0c586fc28e902d07bdfdd12cc2f5f
10-round polymer magazine 7.62x54R for SV-98,0,0,0,938c9762c15a9238440537a67c2f724c,96aa3927bdd42fae2803ecdc20900070
10-shell M870x10 12ga magazine,0,0,0,c8fa782b5dc9ef1b39f6ff85f28b8226,a690daad932bf90e00c942be83ec7ad0
100 rounds belt,"1,03","1,03",577,No hash,No hash
100-round MAG5-100 5.56x45 STANAG magazine,0,0,0,153982937b63746b3fe2ac3c8819e9aa,f8865cd7575b6c5ec30981052476f707
12-round .308 MDT AICS M700 magazine,0,0,0,cd9c8bf50f2031b6bfcac603cb4be4ed,8533130ce8d747f934af6e46eb156cf7
"12.7x55 magazine for ASh-12, 10-round capacity",0,0,0,4647a0d3c5aa0031dd2ce787d90f6804,f5caa254a001fe887063b9d4de3e0840
"12.7x55 magazine for ASh-12, 20-round capacity",0,0,0,e82658bb755901f16e4e5a3d34d7dc79,766aa4d2a214006415e55a8f0af1af2e
2-shot MC 20-01 Sb.3 20ga magazine for TOZ-106,0,0,0,66f3aea5d69013d440230de2f36d61bd,2cccba703b1fded05ec284d2510dc6dc
20-round 6L25 9x39 VSS magazine,0,0,0,5601447f1f56add322edeef33e99b94f,03ffa035bfdfecc3e1d55bd1be86731c
20-round SVD 7.62x54 magazine,0,0,0,d04f3a3a7b89da57fbd73b176e8c6077,2371f06f872f2e132b60d7cf9ab41a76
3-shell KS-23M 23mm magazine cap,0,0,0,276962e556874407b6517764b5df8b11,355db3f60893aca972973a62f7007399
30-round 5.45x39 magazine for AK-12 and compatibles,0,0,0,20f1fc3ffab67642bcb0cbfb0983c0d9,f31cbcc3b48eae15abd814779f9973c7
30-round 6L23 5.45x39 magazine for AK-74 and compatibles,0,0,0,cb015b5997efd48cf77fa15467ef53e5,47d870c5b9e33501039aae79a202739c
30-round 6L23 Plum 5.45x39 magazine for AK-74 and compatibles,0,0,0,53297200cbba17c568ce065c1b6ccbd0,b89d437fced14a876b6377f480788837
30-round 7.62x39 magazine for AK-103 and compatible weapons,0,0,0,96b8d352c6b16dc70ab545e54d7eaa0d,2a78de4dca597cbf68b8767ecb3c18a1
30-round SR3M.130 9x39 SR3M magazine,0,0,0,ab78746a5e715e1128f5c597ddd5e07c,e93657900c49200d9e7bd78b83cb592a
35-round 7.62x25 magazine for PPSH-41,0,0,0,aecd3286cb4490cb9d243f66f05e4d88,431b682da8fe489b30178b33e9966c81
4-shell M870 12ga magazine cap,0,0,0,be19fd40359c3c46afc6a739de994fe8,97910d252ca27285a079eda6e0a522fb
4-shot MC 20-01 Sb.3 20ga magazine for TOZ-106,0,0,0,0ccb22e318bf91d83f991ad5a52a5ea3,7641f7c68332a3438aff6c6d6b296edb
40-round PMAG GEN M3 40 5.56x45 STANAG magazine,0,0,0,50748c3092b688713865c65409e66d62,c70e915728d84481dc2bbeb155d19043
40-round PMAG GEN M3 FDE 40 5.56x45 STANAG magazine,0,0,0,1036fc5c120e3980580bcf1024e71a40,52a716b2747af108164bd60dd3f3f5f5
45-round 6L26 5.45x39 magazine for AK-74 and compatibles,0,0,0,c3f14133077ddc9f0ce181004a30a4d4,099e31f6dee0a0b73a17da87678a3ee0
5-round .308 AICS M700 magazine,0,0,0,3e2ef44e05b654edcef60052a8aad5ce,f8668f3b7785b566c25767171c945a00
5-round .308 M700 magazine,0,0,0,ed997ea9f04f77d40e6a5801aeec8202,321f0fc4d9185b09982fcff3f5907f92
5-round .308 T-5000 magazine,0,0,0,ccf93ab719581e9e2c94e8e762187971,2c25bf2ca76444ac20320d211f584bb4
5-shot MC 20-01 Sb.3 20ga magazine for TOZ-106,0,0,0,d5d1f0bff1e435c7b23bc1be5ee66944,2cccba703b1fded05ec284d2510dc6dc
6-shell MP-133x6 12ga magazine,0,0,0,c677327712577b1421d0a46fb1b070b9,035470f099867cb3bcfc7c0b01eb0e4a
60-round 6L31 5.45x39 magazine for AK-74 and compatibles,0,0,0,d8631a13489713f9f63f3e1c4cbb32f4,b3e17442e602bdd8014835abbc3ddc13
60-round MAG5-60 5.56x45 STANAG magazine,0,0,0,a737597e5caaf53a1c8bf6eabc9f1464,d3f2808abf0c2b459578f78ea650dfdb
6L18 45-round 5.45x39 magazine for AK-74 and compatible weapons,0,0,0,6053a2155f4d100d657ed38b295d04ce,4be383688986d13000a5738514a21411
6L20 30-round 5.45x39 magazine for AK-74 and compatible weapons,0,0,0,e710280f93a26236b78b67a583de3825,c6c3a8657334a80340a0961d906dd46b
6L29 30-round 5.56x45 magazine for AK-101 and compatible weapons,0,0,0,b431e56927f8430b7a31cfc39f4b7381,8c196415ec12d70d462a2604682ac5cb
7-shell M870x7 12ga magazine,0,0,0,39d3020dff419960dc166d7561e30d9c,2f4148b92a98c6ace8242644467643ca
"7.62x39 ribbed metal magazine for AK and compatibles, 10-round capacity",0,0,0,db26fd91ad9d3b67484dcb1bd8e912d1,ddfd034a04c05f204f56029ed0eb953d
"7.62x51 metal magazine for VPO-101 and compatibles, 10-round capacity",0,0,0,53f0fd377cf4841c5f4efcea653449fe,78907a91a60ecc29fb7435f12337455e
"7.62x51 metal magazine for VPO-101 and compatibles, 5-round capacity",0,0,0,b6922390fac042d39feb606880edcecd,78907a91a60ecc29fb7435f12337455e
"7.62x54r ProMag OPFOR for Archangel Mosin rifle kit, 10-round capacity",0,0,0,1e869bb7820d6520d37da3aa17c5adba,97fd6ebafc31a2fa86cdff68fa11688b
71-round 7.62x25 magazine for PPSH-41,0,0,0,b265da152fbce285fb1a010381478d98,bca1c8ce28411f1ecf561e28406c9ce4
8-shell M590A1 12ga magazine cap,0,0,0,9b8bfede686ff80160b91f44ce04f369,da1ad461d8830609bb212688f76e28e3
8-shell MP-133x8 12ga magazine,0,0,0,1e47ce18f8d0705b06f1faceb234ace4,29009b5f65bc9917c3fb9922ba6d589a
"90-93 9x18PM Magazine, for 8 PM rounds",0,0,0,d23a6c9e9008c83d05049dbef7734272,fb1fd514f38d70329d2b3dcbc52d36e2
95-round 5.45x39 magazine for RPK-16 and compatibles,0,0,0,f6c905ecb424715dc06d102c80b6bdf5,adbe04ec846b8e488a18d0c6ea961c8e
AGS-30 30-Grenades box 30x29,0,0,0,No hash,No hash
Arsenal CWP 30-round 5.56x45 magazine for SLR-106 and compatible weapons,0,0,0,064deaf91078fdba57e900009311b6db,07144dda4cd3dac02aeb932b473f56c8
"Bakelite 7.62x39 magazine for AK and compatibles, 40-round capacity",0,0,0,be9f591a6a8e2e0c0f02667b87fb5e5d,25e740276bee762f8871af4ed359d0e7
British FAL/L1A1 7.62x51 30 rnd magazine,0,0,0,8b85e416df706db327cc5e07f2bff579,No hash
Colt AR-15 5.56x45 STANAG 30-round magazine,0,0,0,8a92d5ce49524c786d3d94f38397dd4d,c4dc56d24bf1c5c101d303ab3fdf216b
F5 MPX Drum mag 50-round 9x19 magazine,0,0,0,58f38f3f429cc4dfda6fd58542669eaa,74bc11b149d6eda2e78e89541f1b3fd7
"FAL/SA-58 ""MMW"" 7.62x51 20 rnd plastic mag",0,0,0,b509367fa631aa3b6fa0ba21997a3177,10bc24a4458c8b06b980f243aa7d2380
FAL/SA-58 7.62x51 10 rnd,0,0,0,e6f794e684e5c1ffb371db8fc5dbc1e5,86f20583a25380f865fe1a56940dd849
FAL/SA-58 7.62x51 20 rnd,0,0,0,a267d1eeb30acb761fc166edae0b20a2,10bc24a4458c8b06b980f243aa7d2380
FAL/SA-58 7.62x51 30 rnd,0,0,0,0e218b062aca4be60f937ffd49f6a8ca,4306dfcc070941e17e2b4889a23711f2
"FN magazine for P90, 50-round capacity",0,0,0,0d53169a52aa3942913bd72bc0b32464,d233231aa1aac4ff059711d6a692b627
Five-seveN 20-Round 5.7x28 magazine,0,0,0,f8914c8acde9efffa799ee5246fbdd95,b51f65733f94946439c73e405c0a8fee
Glock .45 ACP magazine,0,0,0,f504e6e41bf021a89a8d598de6b57463,d34acc6a09254a495d5e3e45b7679e57
Glock 9x19 magazine,0,0,0,aadd845fe10a14e4463f7cba0b32dcfd,98627d375e9064f6e8f02d2029930cbf
HK PM Gen.2 5.56x45 STANAG 30-round magazine,0,0,0,b8de73b1aa417d5aaef687fe17d05e54,c4d33085246e4ae277320345073acd04
HK Polymer mag 30 5.56x45 STANAG 30-round magazine,0,0,0,6ce1ac3038a87943575b51c4e93d7b98,b318c0d5d0eb8708b0ad1ca97de23639
HK Steel Maritime 5.56x45 STANAG 30-round magazine,0,0,0,510ef324dfd6d34873262491d52fa26e,99ae12645bb1a8656c1ba5ee16948854
"Izhmash 6L10 7.62x39 magazine for AK and compatibles, 30-round capacity",0,0,0,0ca4b9e174aca7575c9439f25a76f9ab,eb01396e5ee6913dfea2549d463c3139
"Izhmash 7.62x39 AK aluminium magazine for AK and compatibles, 10-round capacity",0,0,0,2c1022ecac9601db845fc55468eabc5c,0dbd18f84553a3156a4e722072de1c25
"Izhmash 7.62x39 AKMS aluminium magazine for AK and compatibles, 30-round capacity",0,0,0,2119f1f3065570b9e19bdfde1247d5c3,5f81b973283eccc7eacbd8dfc2213f18
Izhmash AK magazine (issued ‘55 or later) 30-round for 7.62x39 AK and compatibles,0,0,0,d9ae23244f90d4d946a9117e1ec11db3,924581689ec47ba2e1e9f15a33f97177
KAC Steel 10 7.62x51 10 rnd,0,0,0,02cbf1d769fe19982d43acc2f4edaef4,161202970cc01213753933f174c5cac4
KAC Steel 20 7.62x51 20 rnd,0,0,0,02cbf1d769fe19982d43acc2f4edaef4,2f666c4909d91ca4155e5162046d8d86
M14 30 round 7.62x51 magazine,0,0,0,49de4381aefe2c340f0f2843b562f645,8685fe12ff80c616a5966a02802bee49
M1911 .45 ACP 7-round magazine,0,0,0,0e749f994375cad46ab54a4af18002a7,c3ed23a83549d47f3961e59e6470d398
M1A 20 round 7.62x51 magazine,0,0,0,8cc3dc2af8bfb3991942f5b5ae8c1c7d,23a1b0457349171e9ae2ec8b8f61b267
M45A1 .45 ACP 7-round magazine,"8,7","8,7",672,83a2e4f16c2524d96f6bd49a975ba45e,0c36d8c0604ce038bc102a5dfca3c55b
M9A3 9x19 17-round magazine,"12,4","12,4","1,008",8d94f82c6d7e524864e4b6cf27ef51ab,8bd2e22fb86537fee8df1bfaf98a57fe
MP-153 5-rd magazine extension,0,0,0,4dec2b722d29770b7ff6e36caa3ba8bd,6480ecbdd011e94e0d3584b337b95242
MP-153 6-rd magazine extension,0,0,0,e387570ff759c46d5153c1661e0b5a27,0a9ef53c4573706ca5a9e80d28ca466b
MP-153 7-rd magazine extension,0,0,0,No hash,No hash
MP-153 8-rd magazine extension,0,0,0,No hash,No hash
MP-153 forend cap,0,0,0,958c68b1b9b3d1daa9fe56e13d7e46cb,cdc753e2e64b483d0549ece067fdb4a4
MP-443 9x19 18-round magazine,0,0,0,c8a6ed24bb26e612eb51f13fbe949179,e857056fff16d73c29344d2c388aacce
MPX with TTI Base pad +11 41-round 9x19 magazine,0,0,0,d5725d7b5ddd711355246232f468b5cf,c9e5fb31bfc6b49751eba63315a5570d
Magex G30 magazine for Glock .45 ACP,0,0,0,9599f64e4e65c9b3881a5dafa6f01723,0a86d1c4c336e43d2d5bdc7fb5d24ab7
Magpul PMAG .308 AC 10-round M700 magazine,0,0,0,02e15e67679221e0d4150b76f9ed3cb4,28c9aa9f3dea81c8ab5efcb69febab16
Magpul PMAG .308 AC 5-round M700 magazine,0,0,0,4e8f8aa838bc336c1f60513a381d5593,28c9aa9f3dea81c8ab5efcb69febab16
Magpul PMAG D-60 5.56x45 60-round magazine,0,0,0,a9dd786d01688fdc71515879c2ec7238,fac5b4114fa449744062a0eecae25f3c
MaxRounds Powermag 20-round 12/76 magazine for SOK-12 and compatible weapons,0,0,0,056b2119aad639ee034dde38bc771b0b,3c9947fa7d5b73cffcc13a3234216c39
Mec-Gar .45 ACP 11-round magazine for M1911A1,0,0,0,541ea316b60d7af277e39ca175097f64,07274a39197c87a676892e53dc166c26
"Metal magazine for VPO-215 and compatibles, .366 TKM 4-round capacity",0,0,0,91189b53901255f29d9b9646941db198,fe5c0d51861088494c797730ca63fbca
"Molot 6P2.Sb-11 7.62x39 magazine for AK and compatibles, 40-round capacity",0,0,0,42eb8cfc8545a02238fa606cccf7418a,c65e8920fd676b8e0a04ea1e8c3f9942
"Molot magazine for AK and compatibles, 75-round capacity",0,0,0,c0693fc916ab0eaee7f294ee239e9587,82138579c64d36781ede22a980786533
P226 Extended magazine 9x19,0,0,0,3065364528c19992d2825c779e1a1018,f2fa03602d2127fb8cb2d3b350aadf5d
P226 magazine,0,0,0,cabef8cbc6049d11966972cec5e56938,fedd7db6a678b0e7cc534f8f8dc62dc2
PM/PPSH 9x18PM 84-round drum mag for PM,0,0,0,b9042f97bf95ec150e44e3e872384aa3,No hash
PMAG GEN M3 10 5.56x45 STANAG 10-round magazine,0,0,0,d5a46adb5e4249b21da2c15f2feb49cd,00d20bf7ff2024921c7adac347898c90
PMAG GEN M3 20 5.56x45 STANAG 20-round magazine,0,0,0,d28f10405468621ef299020ec5b1afa3,28b31b3567b4b0c22a45cc348ccf2fec
PMAG GEN M3 30 5.56x45 STANAG 30-round magazine,0,0,0,c01a08bb0756601e015af2f2bc148892,4727da22da4c227c4d0f3a2d1024c356
PMAG GEN M3 30 5.56x45 STANAG 30-round magazine,0,0,0,c01a08bb0756601e015af2f2bc148892,4727da22da4c227c4d0f3a2d1024c356
PMAG GEN M3 FDE W 30 5.56x45 STANAG 30-round magazine,0,0,0,f81e893d62e8a1191e1b295c88712f41,4727da22da4c227c4d0f3a2d1024c356
PMAG GEN M3 W 30 5.56x45 STANAG 30-round magazine,0,0,0,10637e7472f17d307b2d74c1afee1e4d,4727da22da4c227c4d0f3a2d1024c356
PMAG SR/LR GEN M3 20 7.62x51 20 rnd,0,0,0,No hash,b653d2948e94e0834538c2ef864328e1
PUFGUN SG-919 20 20-round 9x19 magazine for PP-19-01,0,0,0,No hash,177b9f84b6250f04b6442416d1ec4022
PUFGUN SG-919 30 30-round 9x19 magazine for PP-19-01,0,0,0,e602ac22722dd471c963d77311de6d6c,32fd3d1faaeb37ed1123e0b191997770
"Palm US AK30 7.62x39 magazine for AK and compatibles, 30-round capacity (FDE)",0,0,0,44bc5c340d924c6a75f97f9973c760f1,df9ffe53cde021bbf95640d0adb82ea6
"Palm US AK30 7.62x39 magazine for AK and compatibles, 30-round capacity (black)",0,0,0,f7a4bf5d517f7c9c66c185d069ac043d,No hash
"Pmag 30 AK/AKM GEN M3 7.62x39 magazine for AK and compatibles, 30-round capacity",0,0,0,78c6239ed9768324acfe041312c7b598,8d494d432a29c33375127f70df3a335d
"Pmag 30 AK/AKM GEN M3 7.62x39 magazine for AK and compatibles, 30-round capacity (banana)",0,0,0,056b9b1b9aa88ba401d2df9236d855b3,6559b9a2723401a6ca5e79d5e426de6e
"Pmag 30 AK74 GEN M3 5.45x39 magazine for AK and compatibles, 30-round capacity","9,238","4,619","1,488",a6eb53511a1386f3a4dbf316f78498a7,b4cbdab985fe6f19632fc6aedabbefa2
Pmag GL9 polymer magazine,0,0,0,fb184754bd3f9c6d68d68b298b2edfea,aa195e2f8ed28fd7878da489465e2827
ProMag AALVX 35 7.62x39 35-round SKS magazine.,0,0,0,a9f8b4a801ddf4b8b6bf8a0456d1e65f,1022eecced7d47a793c864c2ef84b83b
ProMag AK-A-16 73-round 7.62x39 magazine for AKM and compatibles,0,0,0,01a462e26824575a5ed00b805654b123,74de79bc533f748ef7e9efb276b434bc
ProMag SKS-A5 7.62x39 20-round SKS magazine.,0,0,0,7b01c82fe4ae3f2faaea13c173b994a8,c7aaa99f24c443f8a263290ce1d4a2b4
Promag AA-70 10-round .308 M700 magazine,0,0,0,e4158ef7b042cbf6abbdb892e0d6cccc,1491d5419fb9933043aca1de7c899dc1
Promag AA-70 20-round .308 M700 magazine,0,0,0,1da25010c39edc597e5176eb4ae1bda6,8656b8da6bd5ce4cbc54fc6d11b07c19
Regular 4rnd magazine for Mosin rifle,0,0,0,c172b93d905661d83445011d0137cd48,65aa5fafb45ab8ce225522d456faf8df
SAI-02 10-round 12x76 magazine for SOK-12 and compatible weapons,0,0,0,d17573fb722f6e3758e1782335f208ce,4cf6f31dafe2a9d07f1df634a1846e63
"SGMT Drum mag for Glock 9x19, 50 rounds capacity",0,0,0,b1e29ed234798ad6ae0dc704c5cccbde,ba5619ea68a4d02fe63a6ba64b6cb782
SR1-MP magazine,0,0,0,126301174eb6b3da40a165bc7ae26d5b,278f1e34b69bf450fc8ad4c809349076
Sb.5 5-round 12/76 magazine for SOK-12 and compatible weapons,0,0,0,c90ca12b1b8b2653870595ae6ba7c270,6432414d01a7faeaa9a871d335f6a7a7
Standard 9x18PM 20-round magazine for PP-91,0,0,0,3c56c431496a40e6e38b8f224c595df2,791afaea8d48f12cd6bc63cf7826f52f
Standard 9x18PM 30-round magazine for PP-91,0,0,0,702d26e2c83f6e085e2da0af59d5f496,6c730eac5049151b907631a0892eb1db
Standard 9x19 15-round magazine for MP9,0,0,0,ca9f9521ddb80c89c0b5ec11ff116f34,6dfcbd70ab4bfa8af172df434e6a4be6
Standard 9x19 20-round magazine for MP9,0,0,0,No hash,e754e21d4ca8fadc67bf58546061af41
Standard 9x19 25-round magazine for MP9,0,0,0,2499100d588185829a681ddc5f652667,e69c1894dd6c70861707922f279dd199
Standard 9x19 30-round magazine for MP9,0,0,0,5a7337927449b390470e79e969740442,e0ff8f0f6970aa0bade6694ab1412bcc
Standard APS 9x18PM 20-round magazine,0,0,0,97a6e9a364c49261d84b2e4c86592158,3d768e3b73e1e04bb1e4df011c054818
Standard MP5 20-round 9x19 magazine,0,0,0,7b1d308b31d8181b3c4b2372479ac164,ebedbdaed323d5e0187390dd10f21168
Standard MP5 30-round 9x19 magazine,0,0,0,4e6f549c05af31b596adfe700123fb89,4a75c6af8b0fec5191553621ed08804b
Standard MP7 20-round 4.6x30 magazine,0,0,0,dc22e31bd5f0a63783c5fa5ba97a5dee,4ce76d5deb442fc0bfb2f0280ff7f061
Standard MP7 30-round 4.6x30 magazine,0,0,0,d3272555cafb393c8de0e4132410e9c9,22b2159acc2d7101e37517af2e0d9096
Standard MP7 40-round4.6x30 magazine,0,0,0,3ba4d468bccf828ac2cde64d8db2ad76,22b2159acc2d7101e37517af2e0d9096
Standard MPX 20-round 9x19 magazine,0,0,0,97fb7bf947c29e5fe3a6313f1858b888,02e5ccb1c18314a3bb069a9459cf634e
Standard MPX 30-round 9x19 magazine,0,0,0,836f7734426807e97d3f529a9d0e0418,69017273eb7946873aaa3f793cba44f4
Standard PP-19-01 30-round 9x19 magazine,0,0,0,37fc9e94f34c8a2221efcd5db126f651,8727222d88e7bf7e461be2f8239cfcd5
Standard UMP 25-round .45 ACP magazine,0,0,0,f6ba488b8fd6455bb9b0c9b0d067bf73,b8cdcac66ab34d87ed10bce6966ef5a2
Sword Int. Mk-18 .338 LM 10-round magazine,0,0,0,949bd1e6375c59bbbdcaebfc4e0cdeb9,0aafabf060c2def9e2020d95f7eb2a26
TROY Battlemag 5.56x45 STANAG 30-round magazine,0,0,0,89d18da7a8a466e5628a74c3383d2d60,3c926063a0afae66b42a92dd0dd55bca
X Products X-5 MP5 50-round 9x19 magazine,0,0,0,c7fa032754cb8d8e55886ecaef462cd6,eaa1626a3e04b2de93bc5f9d2bc163ff
X-14 M14 50 round 7.62x51 magazine,0,0,0,47b4ca48b6e82803852cc0e18aa8b383,2152746cc50213dfbcda0e7b02ae5950
X-47 AK 7.62x39 50 rnd magazine,0,0,0,241d39aabaa9fda027fce3225da56e7d,232bd2acd76cb9eb5966863e658a5fd6
X-FAL FAL/SA-58 7.62x51 50 rnd magazine,0,0,0,c88e4104a7b952e8feb424077e450f49,dfb0742f66b685f85e249e90920800dd
tt-105 7.62x25 TT Magazine,0,0,0,No hash,cd5d0f991be36dd923e17ec1e5259541
"10.5"" 9x19 barrel for MPX",0,0,0,No hash,No hash
"10.5"" barrel for P90 5.7x28",0,0,0,497556bc68613693c17e2cc1174c6885,No hash
"10.6"" barrel for 416A5 and compatible 5.56x45",0,0,0,6f2a376530ba16aac4e400a290ba6c01,e7655fcdb8886c451048599f77f2e264
"10.6"" barrel for PPSH-41 7.62x25",0,0,0,63f45714350f58ab630e10e5ffa30da2,70f4d1253b689d5a151945ade279ece8
"11"" barrel for 416A5 and compatible 5.56x45",0,0,0,940d904ca86ff38825d2717efdf13419,4ca26f154ad0ea272be53637bfcfaa4d
"11"" barrel for SA-58 7.62x51",0,0,0,6d389a2c7ef65ccb5c3d7893549a8364,6cd7133cee15f7d58a730e69d1471d3a
112mm barrel for P226 9x19,0,0,0,3c055a4bc69ae5f6185b6976f37a09e3,59afd65adcd22d5b9f45d414ab822084
116mm 7.62x25 TT barrel,0,0,0,549bc3c170064dee42a7f83f30d7cc5d,afdab405dc8d85cf19220af966d2f9f9
116mm 7.62x25 TT gilded barrel,0,0,0,c5521c5e276483d6ebb1e464c07b5d46,afdab405dc8d85cf19220af966d2f9f9
"14"" 9x19 barrel for MPX",0,0,0,794a9446972aa66c99a7744deb3c6e1d,873ddbb0f05614b2c447d6ffc209266e
"14.5"" barrel for 416A5 and compatible 5.56x45",0,0,0,da97804c9ee15628c3475ef1f6ad8b92,c01e99725f629d2d3f096d0735b38fae
"15"" barrel for RPK-16 and compatible 5.45x39",0,0,0,dce59412f32382100b2d22c84fec923d,9062aef531b57d677496d26d148c544b
16 inch .308 barrel for MDR and compatible,0,0,0,50028d047b5062dfe7fbab1117ea4f26,f172b1f6974501b783d7957b40bfa62a
"16"" barrel for P90 5.7x28",0,0,0,e151fd351abffb3d32a94578ed4fcbeb,No hash
"16"" barrel for SA-58 7.62x51",0,0,0,56a3eb4acd48ddcdf96577d65399c80c,fc924ca682ebacb69f280bba70cf2250
"16"" barrel for SR-25 and compatible 7.62x51",0,0,0,6540da58d934ff61ed903eb76f4081f6,f290d28f1a04ed1dd1e26ecd34428347
"16"" barrel for a M1A 7.62x51 NATO",0,0,0,a816b214a8779463d3d45b93ceca38c1,927da8cafa96559e8554a75753d2de26
"16.5"" barrel for 416A5 and compatible 5.56x45",0,0,0,deb6aeeac47151f5d99d60bb381bea21,3125c5f8916a313b151d6a63b5371a31
165 mm 9x19 barrel for MPX-SD,0,0,0,8490b5ef52ca1e9f72888e706d61099e,9c959c08c60f2905c9e39686582bb141
171mm barrel for MCX and compatible .300 BLK,0,0,0,cae383d420a121dd8975c51c43d4fdf0,c97cae75e4db43f6bf4e776d4fa2d525
"18"" barrel for AR-15 and compatible 5.56x45",0,0,0,4543cc6d421604e7033cb047a6b5de07,9467f3c5279847c48fb5c1d3763a5431
"18"" barrel for RFB 7.62x51",0,0,0,b6d59cf6d7ba173812a6d3b611621e8c,3595034b1ad46054489ee8be35f8d3c6
"18"" barrel for a AR-10 and compatible 7.62x51 NATO",0,0,0,ecedb79df21f7e19622b1d9fc753399f,ab05c6bf81924d5c9a9af4b1c035e332
"20"" barrel for 416A5 and compatible 5.56x45",0,0,0,8c4ac3f63864e111807417047bae8df8,6910ab656109224a1f2fe89e6f7a4399
"20"" barrel for AR-15 and compatible 5.56x45",0,0,0,f89b4ff896fa220d91fa85e6c3cae747,637b346efa2b08e8a7d5c812f239906c
"20"" barrel for M590 12ga",0,0,0,f93d6ba92f0bb0f41c4840e1ee6684ea,1c007b069c361bef7993b8998e71e6b2
"20"" barrel for SR-25 and compatible 7.62x51",0,0,0,No hash,No hash
"20"" barrel for a Remington M700 7.62x51 NATO",0,0,0,bbd5646fa80e537898785006ca52b017,No hash
"20"" stainless steel barrel for a Remington M700 7.62x51 NATO",0,0,0,No hash,No hash
203 mm 9x19 barrel for MPX,0,0,0,033ba7b17844d880dcbbf65f79a82b29,39b05875a805b5fe50ff6562e8ffe935
"21"" barrel for SA-58 7.62x51",0,0,0,25952e14222b84f6d62730e5f85fc0e0,2f00b0664d8919ed7cb46a2e7fec3915
"22"" barrel for RPK-16 and compatible 5.45x39",0,0,0,aa62a3441bce7a50992abaa0244acc99,e5f4cf3edf72faa2d0dd358e781f5b4d
"22"" barrel for a AR-10 and compatible 7.62x51 NATO",0,0,0,5e6d4b45e0d85ab5fd9396abfa311851,4656783324560222dac55ca5dc70462b
"22"" barrel for a M1A 7.62x51 NATO",0,0,0,64bf1531b30d7983c37385389d7dc24e,073a142c4bff909564d8cbc0f03a94d2
"22"" barrel for a SVDS 7.62x54",0,0,0,7f42f5f590e2e64f3d031d0115b55b69,0f9cff984427f056597b21a8902ea9b9
229mm barrel for MCX and compatible .300 BLK,0,0,0,0cdc6fa3e9dbe2684ae7944d303c48ea,aadc200e85d2d8a6faeae156f04c50b1
"23"" barrel for a VPO-215 .366TKM",0,0,0,921dfc91e868f750b7d59201434ff90a,02463b02344470f0edcf5f1ddff21975
"24"" barrel for Mk-18 .338 LM",0,0,0,331245b821e756fac3a44384d5b2ccf6,20f5ca5fba1de4226aba4f322cb7f676
"26"" barrel for a Remington M700 7.62x51 NATO",0,0,0,c02ed7b5151a1820c7924c92f8a59a3b,b631e7f1ad437f99e5622b1ff33df201
"26"" stainless steel barrel for a Remington M700 7.62x51 NATO",0,0,0,No hash,No hash
260mm barrel for AR-15 and compatible 5.56x45,0,0,0,3c5141f7367c42d5ecdbb50009a8ae66,bf7d1fb7882b33697274d40625aadbee
355mm barrel for M870 12ga,0,0,0,945533069404ce93a92f7be710aad3e0,dc68be71063db53f3339817e10291238
370mm barrel for AR-15 and compatible 5.56x45,0,0,0,4b0b6ca7db6a1ecc2d4fc52b877335a4,da0c29e90c455e77dc99cb790c97e6a2
"4.5"" 9x19 barrel for MPX",0,0,0,a11f89b0eee813157307d64545b4bf74,8590a2edbe264ad0df4fc11e874ecc5b
406mm Molot barrel for AR-15 and compatible 5.56x45,0,0,0,15c0105ab596d4c0277d76359c296dd4,ed6f8adc9d81cff61b6bd644be6b7906
406mm barrel for MDR and compatible 5.56x45,0,0,0,17f60bdf70960dfef5d19bd444054f7e,5c817480135434d0c936df689508c838
"5"" Vector barrel .45 ACP",0,0,0,0474f88a9ee073c4b5d30047bcd75393,4fcccd44bfdd09d20955ae2ca9e69c6d
"5"" barrel for Vector 9x19",0,0,0,55a462d57a4b2072a90eac110511b5eb,992412d8d47a6ea0205653630ee7a788
500mm .308 barrel for DVL-10,0,0,0,9898951d060020a04069aadbbbd32122,4cfa0f85f49434e6b3f2f3bd6c1510be
508mm barrel for M870 12ga,0,0,0,a39655805c39ec449ef9c4433de8a658,ad5a09ddfd9f6cb1437c59f91c762dd7
508mm barrel for M870 12ga with a fixed sight,0,0,0,25dd5ad1037f681b50116bb12c645ab8,d15da26689962b1ebc3fa8c7ca7caea9
510mm barrel for KS-23 23x75mm,0,0,0,a754e4ef31a20397ae43da92173c279c,d778530b363c4b1fa882ab56bffb6cbc
510mm barrel for MP-133 12ga,0,0,0,5a244ef8dffa5611b9e48654be33041d,No hash
510mm barrel for MP-133 12ga shotgun with rib,0,0,0,c8345fb1b8f3f54bf3d2551d19a5aaf5,b4294f0c635d1a60ad3a3a9fdf2f2198
540mm barrel for MP-133 12ga shotgun,0,0,0,No hash,No hash
540mm barrel for MR-133 12ga shotgun with rib,0,0,0,No hash,No hash
"6"" Vector barrel .45 ACP",0,0,0,354cdede5f5ae1dcefe252d4c55201ae,90a72ae1a213b99975dbecaeea22e3a1
"6"" barrel for Vector 9x19",0,0,0,d99956da5c55f4091abfd5de402ac252,a287d4e5a71677414e65f31482748b9b
"6.5"" 9x19 barrel for MPX",0,0,0,dc121009108fd1c64b6d11f0ac111013,8979e21c6934842aac202abcb621d448
610 mm barrel for MP-153 12ga shotgun,0,0,0,No hash,No hash
610mm barrel for MP-133 12ga shotgun,0,0,0,No hash,No hash
610mm barrel for MP-133 12ga shotgun with rib,0,0,0,No hash,No hash
660 mm barrel for MP-153 12ga shotgun,0,0,0,No hash,No hash
660mm .308 barrel for DVL-10 M2,0,0,0,01ecadef84fec69ffa00e3ecdecf8ee4,1cb157eaaf28c083090e79f7c1b137b9
660mm .308 barrel for T-5000,0,0,0,1ed4522b5c1327b259e559941162b834,64da9bef78fb7ad82abd82c1ee4effc9
660mm barrel for MP-133 12ga shotgun with rib,0,0,0,6bd44edee49df40f574818db400d297f,0bec09bed065549eeeba72f1ce4a6cf8
660mm barrel for MR-133 12ga shotgun,0,0,0,538d4437d3d626468f33642835263789,8ea74c6d29140e5e5dc7a33b794de8a8
660mm vent rib barrel for M870 12ga,0,0,0,No hash,No hash
700mm barrel for KS-23 23x75mm,0,0,0,07aee7a3a65ee0db4196c9d3093bc597,1e03b611ede18497f4eb00e95b91fb97
710 mm barrel for MP-153 12ga shotgun,0,0,0,1b9c2d4204f0d3844d072cb7395e51c1,2494690d2b23d30154da94e00427d010
710mm barrel for MP-133 12ga shotgun,0,0,0,43c7e0c20f4efa94e772b1670b98483d,db82df5f344676b7602ccd1397f6a021
710mm barrel for MR-133 12ga shotgun with rib,0,0,0,c5bf00185c1bd613ba30af4597c3ec28,e452c46caf1fd51211e487ea0566f2aa
750 mm barrel for MP-153 12ga shotgun,0,0,0,54f2ea8ddb2aa2f9a251aa1f10b83c0a,f2fa4fd6c6343b8efc317b1406cfd345
750mm barrel for MP-133 12ga shotgun,0,0,0,d8d49a885a123fb2568d7bebaae12bf7,94864a85386644b2d2cf70710769eaa6
750mm barrel for MP-133 12ga shotgun with rib,0,0,0,d80f99b5a1d07f34d28a4d8cc07c22cb,6d28f0dd7a673736f109c4c1c61dee02
"8"" barrel for UMP .45 ACP",0,0,0,cb1669812c0f65b903b655d41d2a7d08,bff1759dc33d27786d587cc72fd8da56
Barrel for Five-seveN 5.7x28,0,0,0,441e2e515145346d4db0de891cd5417e,218f7a86671eb5735e0f53f7ce03a236
Barrel with compensator for Glock 17 9x19,0,0,0,10192fbef34d1320d7a1bbe4a321d1b9,ed01a82d311077a22bede1e9310e8fd6
Barrel with compensator for Glock 18C 9x19,0,0,0,3ea25b55f7c43c441ce6e7f2049ab119,f5003e4b3a34487e501564be9bbb7cc1
Basic barrel for Glock 17 9x19,0,0,0,916a868e6d544841a2e1c7bc369674dd,0d339a6062b954bedc6bbbe25d822491
Cut off 325mm barrel for M870 12ga,0,0,0,1e5c3fe9dacccc96a45bbf6bf6c73120,6a0039671f9a22963a612c992e4491bf
Homespun 121mm 7.62x25 TT barrel with threading,0,0,0,885e0bd842a5c92f684432615af8187d,8ef000ead79b82df2827dd750323378a
National match barrel for M1911 .45 ACP,0,0,0,No hash,No hash
Regular 514mm Mosin carbine barrel,0,0,0,551a557d12e665122ac6f6713caa9364,70936c3046d8189a4d832257b16db607
Regular 730mm Mosin barrel,0,0,0,4fa766f222abec2e90cc799681db1f88,e046b3c0552ed8ef02ff3cd9ab21be56
Sawn off 200mm Mosin barrel,0,0,0,No hash,No hash
Sawn off 220mm Mosin barrel,0,0,0,8cb9b7c8a21ea23351047c50e81fafc9,aeeac0181ce57b09ac46bc97db9673c4
Standart barrel for M1911A1 .45 ACP,0,0,0,4636a8678456dda1dc6947c9363636d4,80269a860796bdab1c01bfe8165a5c2c
Threaded barrel for Five-seveN 5.7x28,0,0,0,No hash,No hash
Threaded barrel for Glock 9x19 manufactured by Double Diamond,0,0,0,7068bc0eee768e38e71acd08e57e291f,7d47affd0c8e7befa217d5f7384a86d3
Threaded barrel for Glock 9x19 manufactured by Lone Wolf.,0,0,0,28fcc163eba4c5af25e1c143af1b85fb,4a4f0e68eb56d2860f9911a1a8651977
Threaded barrel for Glock 9x19 manufactured by Salient Arms,0,0,0,94e5a59524dbd931587dd7124351e922,eebcb9e9545efe5a513ee1a077f190b6
Threaded barrel for M1911A1 .45 ACP,0,0,0,d38264506206fcf3ac665caec26dfbf1,19befce883695eb4795c5bcdb286915b
Threaded barrel for M9A3 9x19,0,0,0,No hash,No hash
Threaded barrel for P226 9x19,0,0,0,6c3564b9369997b7ed4aef4ec72d0dd5,f810333fa07680401df95d38a1a2445f
Harris HBR Bipod,"14,518","7,259","2,356",6e3836e1a6dcc1173c132b5488966821,776479b7ffd410a697be9520b08a4453
Izhmash SV-98 bipod,0,0,0,2c40ef6270a04746c3e896f660f79b58,168d4d8a7602e9a6b539f62fc48f64f8
ADAR 2-15 charging handle for AR-15,0,0,0,88d5e92f2b4afd8e0c1e5f4f3d2dfc69,e13c4cd74946b51db9b7cb3fc12a76bd
Avalanche Mod.2 charging handle for AR-15,0,0,0,524ce6a3ad83cbd5e2602d804dc020e1,b1fdaa7b308bb34e7a26c22b97256c8b
B&T charging handle for MP9,0,0,0,fd4f43bb504f6b9b19e31dc6bbb97515,614c818dace121f2ad5f523b559e6fc0
Badger Ordnance Tactical Charging Handle Latch,0,0,0,913d08ae5696dd84f7a104974f4f8e82,9a4d240d68379aed3bc2b0b8f12ccbfb
Colt AR-15 charging handle for AR-15,0,0,0,598f7b1d75a43e1c1dc4fe0d814b4046,04a8bccf019210a36eac991a6f40581b
FN charge handle for P90,0,0,0,1e45ed3a85ecba7ff3b78cd2f22c116d,No hash
"Geissele ""SCH"" charging handle for MPX",0,0,0,f85558c5065f0af8ccba22b91fc39833,40cd5164fd2dd5412365f6562bb072e8
Geissele ACH charging handle for AR-15,0,0,0,3b3575cbe6227f46b6904c57baac3074,ea6ee7b0bab4c96d07b37025817b9bf9
HK Extended latch Charging Handle,0,0,0,cf34c4116072e20fc91cfaf3b70ce7fc,538f280d7ca0ba0e58756dce5073b813
K&M The Handler charge handle for P90,0,0,0,6b50808d8f5b45222d1cbf5d2433e7df,6bdd50654291130a41ff8cf73c5a65cc
KAC Ambidextrous Charging Handle for AR-10,0,0,0,No hash,No hash
KAC Charging Handle for SR-25,0,0,0,No hash,No hash
MP5 Cocking Handle,0,0,0,2584abe49387905fd5c9759e45bf7bea,b876eb4cd79c74ca34cbb28be6dca6fe
MP5 Kurz Cocking Handle,0,0,0,e4276453d27c9c66130abe40e58c8ddf,No hash
Raptor charging handle for AR-15,0,0,0,dab473dbe87ecd268ada73ba2535ecd5,c64f68dbe9a810154773839331e572a7
Raptor charging handle for AR-15 Grey,0,0,0,06f3e87d2d4d5ba37aa97512a4c82326,c64f68dbe9a810154773839331e572a7
SIG double latch charging handle for MPX,0,0,0,9f4f6c39a39d89067e857b140b2de7e0,28ccb8408dd305f29776c88a065b12e0
SIG single latch charging handle for MPX,0,0,0,No hash,No hash
Sig-Sauer charging handle for MCX,0,0,0,No hash,No hash
Zenit RP-1 charge handle for AK,0,0,0,10268a911622c114b1002e7935be558f,36b6c1ecf4149af85f2f3339d5b83675
AN/PEQ-15 tactical device,"16,097","16,097","10,717",1e88adfb445e9b4b84576bd89866afb2,9bb61f98c425fd53d4230fb0ad1ff430
AN/PEQ-2 tactical device,"10,045","10,045","5,744",b4dc513eece0c9d89efa09d9c7f735e5,d9fe1adf7a2eb2b1cf56239b9920686a
Armytek Predator Pro v3 XHP35 HI Flashlight,0,0,0,012b7b01a4008208277ff4e49fab9cab,0fe04b2fac89d8de3ad499942e80679b
"DLP ""Tactical Precision"" LAM Module for TT Pistol",0,0,0,a2a277601409253439a0c35e1c8a08cd,df3c5a6d5a3d26cbd686b08e0323db62
Glock Tactical GL21 flashlight with laser,0,0,0,56ea5e3986a264e42ef11e56cc0879e4,c1a92547d2930d13280abc4f35bf002b
Holosun LS321 Tactical device,"17,159","17,159","7,017",e0c6a29ff3e27cc928cfa9b8b5ce87d9,eff22a0d969c6ed1776ec5170ebc33db
LA-5 tactical device,0,0,0,5a8697bacaf3d4e6a92314057024ed26,9bb61f98c425fd53d4230fb0ad1ff430
LAS/TAC 2 tactical flashlight,0,0,0,c8de58be0f3f40496584c0cec15c6c85,19bcc701ba48a7d53a3a2485a94cf694
NcSTAR Tactical blue laser LAM-Module,0,0,0,d0723f72fedf713209a51602e97091f7,a442197c39cba60d2caf654395377b58
Steiner Dbal PL tactical flashlight,0,0,0,4ff219b7282843e30847e357d4e009e7,bd874a82dc01ec2cf37aac73b38251ed
Surefire XC1 tactical flashlight,0,0,0,a2e84ad20d8f036c84d3fec46805d530,06ffb67cfb546a86ea081f3e209d0599
Ultrafire WF-501B Flashlight,0,0,0,2dd19bd423248414ac8387df23175b79,60bdfa0a3e67a01ea11ab7930f747d31
X400 tactical flashlight,0,0,0,58405b15ce3630a14652e6b6c2819b20,17610d1b4316e597659d262780f7402d
Zenit 2IRS Klesch flashlight + laser designator,0,0,0,d535d8318331cf7c67a478fcc21c4e3a,e124a0b89cb709c8d6d5840edf63cd98
Zenit 2P Klesch flashlight + laser designator,0,0,0,081e7f778cda66927b49b5dd99b67d17,75d9da438536ce4149a953e0a1aca990
Zenit 2U Klesch tactical flashlight,0,0,0,0481cc2572faa50570dffd8f76d07282,60c554a148add14165d2634e79155454
Zenit Perst-3 tactical device,"22,539","22,539","9,548",75d0515f54ec3fe2ffd1ae2fd861a9aa,90cd7b3c4308119b64cf899b79f017d6
ASh-12 Vertical pistol grip,0,0,0,e25d7277ea68fba3881c586adf8f52ac,No hash
B&T MP9-N Vertical grip,0,0,0,b7668b35c4762d2cb74761b8c28bb2a0,No hash
BCM MOD.3 Tactical grip,0,0,0,8e03f5749f8ffe21ae3536ca62970949,eba9d7da7d970c57505a875eb31be213
Fortis Shift tactical grip,0,0,0,eba666b718080d6d21b2aa734937bb49,529e42bed2959acc31ebcf9e1257f138
Hera Arms CQR tactical grip,0,0,0,7470c71940bea0c3c0da3843dad70eb9,ac027549ce52a231102654763d69c069
KAC Vertical pistol grip,0,0,0,e7e3cae16d4970c7c76afe67c116902b,85562824cb7dc3135e4941ea5665bd3e
MVF001 A3 Vertical Grip KeyMod black,0,0,0,a3690d2d37b164be0056e7e594ee94bb,47555ba2aed9f35e44f7c02118fa61a1
Magpul AFG grip FDE,0,0,0,e5e3e2b7bd3854e8451761d520cb3d19,e052348954ee29dad2bbabd7f9dc279f
Magpul AFG grip FG,0,0,0,81f6e9acc71a2af84e803f724bb63c49,fa0cf6fc28250f4bc5d877f476989d6c
Magpul AFG grip OD,0,0,0,c3abc04152fc74fa1edc01f249420b8a,a1611154a26e172ca0956c2341a3bc50
Magpul AFG grip black,0,0,0,2f966fb6d3726f9a6aef7e0f9d445ad1,fa0cf6fc28250f4bc5d877f476989d6c
Magpul M-LOK AFG (Flat Dark Earth) Tactical grip,0,0,0,7d7ade343c828127825aaf72d097883a,c1f64ec31d52dc3da18e313b01db9ac0
Magpul M-LOK AFG (Olive Drab) Tactical grip,0,0,0,295d4579365bc9fa4b590b9f9297c4ee,No hash
Magpul M-LOK AFG (Stealth Gray) Tactical grip,0,0,0,5cba279aaf51497e78551410adb4d2ac,c211675acf0a2231602d45df64748888
Magpul M-LOK AFG Tactical grip,0,0,0,ac08f247ef99e4b3dbf37744131ff57f,fa0cf6fc28250f4bc5d877f476989d6c
Magpul RVG grip FDE,0,0,0,65e7eb21e289bc62bdb41de03c07c8cf,cc4febb3ee407ee21e53e4e421a6d883
Magpul RVG grip black,0,0,0,45e8935ac54c62bc7a4fa1bfc1985fe5,3f5e9cc22c920e4c7555c1f86651f2f3
RTM Pillau Tactical grip,0,0,0,c7eb255b1ea1bbd31e77d3887189fe3a,446cb303a96c2ca3568a42d9500dcbff
SE-5 Express Grip,0,0,0,1ace00dcc745e3ca7083857b395f7893,04337977bc77ec948f946c252a52b35d
"SI ""Cobra tactical"" tactical grip",0,0,0,3220014ca3aa51e272734eb67e1c0f2d,1e78c69fcdd44d9387083470e2ae0ff7
Sig Sauer Vertical Foregrip Keymod Black,0,0,0,b2d000224e0cb342c59f8cb5ec8c4986,cff3bdef53740b3bc1b35d7a9a47dfd3
T-5000 Pad,0,0,0,f1e60eece98baa50fe91f91c26ff32f2,b2f6e71c5e39cd41b7502fd39467f32d
TD Aluminium skeletonized vertical grip,0,0,0,152880d08d7c74f3728f956bd53b32ba,44c07a5df998a2d667fd89a2d6aaee44
Tango Down Stubby BGV-MK46K tactical grip Black,0,0,0,4d72c2507555d1b42ca0de4349c6aaab,a5c5d4cf3f1562173c405530da1ee70d
Tango Down Stubby BGV-MK46K tactical grip FDE,0,0,0,ac129cd1c9c50e057cbe9b0e45a9aa0f,6ee1e7a1103d3e11584cc70f0c02c218
Tango Down Stubby BGV-MK46K tactical grip FG,0,0,0,79aa2d136bc1961735ce87267c60091d,f90f7b703cea5487cc93b0e4a9187762
Viking Tactical UVG Tactical grip,0,0,0,b42385d702b4024617b7d08babdee8c0,bd22aa0980c72967e19a3e46a4b55d34
Zenit RK-0 Foregrip,0,0,0,cda6176a72951637ac9409c0640dbc56,24c91728d5ec0c256010f5642000b1c2
Zenit RK-1 Foregrip,0,0,0,551d9f97f73a239deb9725d40e4f8229,3593600ab657c79750ca8fe637fa4716
Zenit RK-1 Foregrip on B-25U mount,0,0,0,22f9868ab18ed5aca2b947fe7cb6eb99,3593600ab657c79750ca8fe637fa4716
Zenit RK-2 Foregrip,0,0,0,No hash,No hash
Zenit RK-4 Foregrip,0,0,0,e33daba5a191092027b6bf47240ed4fd,1c819992f07c7b7b5594c4d5e09831a0
Zenit RK-5 Foregrip,0,0,0,0b891e211b6faec62030319cc6a2a61e,f1e806b475f68602d2226a84ee80004a
Zenit RK-6 Foregrip,0,0,0,498f5ada0f4d4574a6c70877543b0d38,2d2f83579b074ae4bcb31c8437be3b28
AK-74 Gas tube,0,0,0,59e3664c4fdf7a9e99f8b071330832a0,84a276d906c85e222c6bc40ced0cf2fa
AKM (6P1 Sb.1-2) gas tube,0,0,0,93e147d5a3317e7c91b0b8d41216c1ad,c548426c48ddd08e51e905fd5d779ed4
AKS-74U Gas tube,0,0,0,ecb5b2042f093b526b44c581ea06cd91,b933e2f42b9f96eb42ba387c2a5db21f
Colt M4 Front sight,0,0,0,7f03c5a33ca466620c84b8a0f896dfce,49fb919d5ed38ae101e669ef69839a17
HK 416A5 Regular Low Profile Gas Block,0,0,0,2b325e51d4bddf74a52234dcff780fd4,050620ceef0efe23bd40588160595a77
Handguard with a gas block combo by TROY Industries for AK,0,0,0,b96765050b5541ffc871db7ab6ca4a1d,80c89eba71e3c2cfdfaff2718e73a9f9
JP Enterprises Gas System-5b,0,0,0,ed71c4f26aadf4b509653909c3ebc6a4,cd073f74fc67175f2a2dd5fa051ff838
JP Enterprises Gas System-6,"10,184","10,184","8,226",c403b58bf1ad59556dc9180ef1fd2322,92a6cf9310a8d15e45ca2b4cd50d79ce
KAC Low Profile Gas Block,0,0,0,773e5a86b0f6a9d43902dc4aad8ef613,3ee2e4c1f594f1af9c19ce6b5d74965f
Kiba Arms VDM CS gas tube,0,0,0,No hash,No hash
MK12 Low Profile Gas Block,0,0,0,fa168136dd3ed91d01015046f0decd67,32625a02b3b82e101905fa3fdd292e6a
Mk-18 Gas Block,0,0,0,c3af31d4f26097bf45bc411db740d7f5,e3365c5dcdcd8f1c8347024d4fa29b90
Molot AKM type gas tube,"38,972","38,972","1,107",a3789108c83bbd717980cf85e27bb540,70d1a960b48c9bb031e1f09301086e7a
PP-19-01 gas tube,0,0,0,36d8717c4f1263f29870897679bf6c52,b1a8f3ad1db643302b473a7242bf9587
SIG MCX Gas Block,0,0,0,No hash,No hash
SVDS Gas tube,0,0,0,c7d69dc9e72cb6be388fe7ef911da907,2efd250c014240491ce4e96871165906
UltiMAK M1-B gas tube for AK,0,0,0,7d8f2633b0767ca9a641ee5b59d4cae0,5abb3913048b30346451abbae4a62de4
VPO-101 Gas tube,0,0,0,ffe768a5c66d8cd0c5879c397745461f,No hash
VS-24 Handguard with a VS-33c gas block combo for AK,0,0,0,47202df5b204f4c70a7dc3366bd02039,e3e8c974a67f66dbc9384a9b31b063c8
VS-24 white handguard with a VS-33c gas block combo for AK,0,0,0,2b4d0f74266c4c25b9c8fcc59a3fe287,e3e8c974a67f66dbc9384a9b31b063c8
Windham Weaponry Rail Gas Block,0,0,0,a12e77353eb885b47be3802307e7893c,1ab2fee64b06101cc5d8eb06650ab507
AN/PVS-14 Night Vision Monocular,"60,643","60,643","51,493",ab6ce6c9034c74da22709c962a06a141,4dd3ee300e84f02d318a9d5bdf00c7eb
Armasight N-15 Night Vision,"46,382","23,191","41,888",5167f9ecf31a7edaa1187b487093bc26,57e77c189567f6da823f3c6cf44ade36
GPNVG-18 Night Vision,"145,004","72,502","81,202",2e6d888eeb69d5feee38eb5005a24e83,26b1d98335119c6c5f954c434fa5e73f
PNV-10T Night Vision,"30,917","15,459","15,68",c7380e94784bb71ad03efc05aa942b2f,af2617127e9439687fa94247c53fdb58
"5.45 Design ""Aggressor"" handguard for AK",0,0,0,618f1e93341b213c6b8f38224db4396f,cc2ce7f7a9a80d654168192c88d2a690
A*B Arms MOD X Gen.3 keymod handguard for M700,0,0,0,fb1a86f6f24ef259046ad04c4c4ea70b,d34ebb7f1e46ebcc6ff2140cc43ee55f
ADAR 2-15 wooden stock for AR-15 and compatibles,0,0,0,0928afd7d19add3c20c05a28d6bbc1cf,6674a2fb64995be3e65384e84be5f9f1
Aim sport Universal M-LOK foregrip for FAL,0,0,0,No hash,No hash
Aim sport Universal keymod foregrip for FAL,0,0,0,87944f076123a33e11054cf82a4fe359,8c8e948a315182602cc5a47fad83a0ff
Alfa Arms Goliaf AKS-74U Handguard,0,0,0,526793f0cc9d39ca9369173986b4e489,961254e2000ba8f9dc98bd9ce13fba5b
B-10M foregrip and rail mount B-19,0,0,0,b61fa862eff89b059437235ea01da1ee,e4505f0b8a8fcaf62f806173db37c1c8
B-11 AKS-74U Handguard,0,0,0,1df83c60d681f14194042a18c7663878,594b3600cc94c769659dab95b1821c5e
B-30 foregrip and rail mount B-31C,0,0,0,No hash,e4cd6bc17b2f16c67d9c5fd54571e945
CAA HX-5 MP5 handguard,0,0,0,83af1f06d27c8fbe861b13995fb8e56c,7fb6b67c2f2fc7ecd596bcda977082d7
CAA RS47 foregrip for AK-compatible systems,0,0,0,b39f05f4d3b99768ed48f90f97759a27,df2415ebaff61737d4472ff85e1a12e6
CAA XRS DRG for SVD,0,0,0,1b347e356d6447be3f01ac0da6f83e12,b8228693c788b875d1acc9d73b48956a
Colt M4 Length handguard for AR-15 and compatibles,0,0,0,3c0a8e7b1ab584fca6adf9a07ef6ffde,cbfbbe8e81195f9fc88fbdf4b69ee8d7
Custom plastic MP-133 forestock with mounts,0,0,0,65ec52c5d2225213ecc45cad57425740,cc293134f325fd85e048b8ac11135e6c
DS Arms Quad Rail Full Length foregrip for SA-58,0,0,0,cd41f782c714313bda55f156da15607f,06e5d1dd9af2fff5be4aaadb24b53d64
DS Arms quad rail foregrip for SA-58,0,0,0,4e36e18b03eac60a2ac6fbb1c607b607,ea94fe709c1788797a30a112ae33fafc
DSA Belgian style foregrip for a FAL,0,0,0,a8457f0a48649198bd45870edd5487f8,f91b5cace011874a83273ad6a378e026
Daniel Defence FDE RIS II FSP 9.5 foregrip for AR-15-compatible systems,0,0,0,da4f6299255ecd2d8da6a2e0e07e9e4e,66b47b2ca60c8800e42f8b53bcaba4e8
Daniel Defence RIS II 12.25 foregrip for AR-15-compatible systems,0,0,0,23ccdabdc4873b7a266bee85f39feefd,196e645dd986f8734ee1bbd0ccea4a39
Daniel Defence RIS II 9.5 foregrip for AR-15-compatible systems,0,0,0,d425f6c4213e8134f27baced9a744e57,66b47b2ca60c8800e42f8b53bcaba4e8
Daniel Defence RIS II 9.5 foregrip for AR-15-compatible systems,0,0,0,d425f6c4213e8134f27baced9a744e57,66b47b2ca60c8800e42f8b53bcaba4e8
Desert Tech foregrip for MDR,0,0,0,607099a83d5c27e4cbc1d87c182ed115,52c7ae9c16b35396af1c6a3c0c3e5db5
Desert Tech foregrip for MDR blk,0,0,0,9966cd311a58190fbbbb28f34c5ddb2a,52c7ae9c16b35396af1c6a3c0c3e5db5
Fab Defence PR870 forestock,0,0,0,ec27167e34a7040f57d9ab655b5519f7,8be1a142ad750775157eaabf49206a93
Geissele SMR Mk.16 13.5 inch M-LOK handguard for AR-15,0,0,0,08f43440ede72d3378763714141c15f4,a272980577d5852731f2628cd527aff0
Geissele SMR Mk.16 9.5 inch M-LOK handguard for AR-15,0,0,0,a04413f95a4982e7d4796badce333ab8,3edf31b2923a8e781297230aed5900ee
"HK MRS 14"" keymod foregrip for 416A5",0,0,0,a6195bb6c3e27f868afe7d7bd13e6302,19d1864ab4eb6050671209d384b8d266
HK extended quadrail handguard for 416-compatible systems,0,0,0,8374bdcc14374fec6c8823eb79471cc2,538b4deb82330f926e03eeb56428fa5e
HK quadrail handguard for 416-compatible systems,0,0,0,f6391fc51593e89cdad1c20507a4901e,7dc4879faaf41b80c7fa93e78d10ce8c
HK quadrail handguard with a flip-up sight for 416-compatible systems,0,0,0,37e949f0ab73e5fc6bf11f395cef4f75,7dc4879faaf41b80c7fa93e78d10ce8c
Handguard MK 10 for use with AR-15 and compatible,0,0,0,d2dc960a3849db4673c161f710217634,c643b7471604055df375d193a61e63c9
Handguard SIG MPX Gen. 1 for MPX,0,0,0,a5060dca2479ea8112a242eff47cbdfe,f3ebfa279ac6528187f208c1694c16b4
Handguard War Sport LVOA-C blk. for use with AR-15 and compatible,0,0,0,d02edbe4b24d78f1afeba353c2e886b4,5b3a4c4589a82f64252490dd1dea33c9
Handguard War Sport LVOA-S blk. for use with AR-15 and compatible,0,0,0,20edda7cab283bc80b40de630cc41d2b,5b3a4c4589a82f64252490dd1dea33c9
Hexagon handguard for AK,0,0,0,f11ed774530337729f4d57d98cd6e5f1,bc29a010517def86441fa72883ab333c
Hexagon handguard for AK(anodized red),0,0,0,7e5ff36cda0fa85423488777ef2f1f85,61bb8d741c0c206767817102505f0a66
Izhmash RPK-16 regular handguard,0,0,0,c651845975ab7e04a9bd5f761b2d1045,a9f5055dc64b0f4c78b8d39daddf6347
Izhmash modern handguard for SVD,0,0,0,abafd52f02e6e51e9f7e0bd0a4b1ea51,2406ff62ac6c39845697d10fb19c1b33
Izhmekh MP-133 Beechwood forestock,0,0,0,a90145c3806bfb34b420364dad7f0894,b4fe12527b5ceb57d9b07ce2a8c0b125
Izhmekh MP-153 Polymer stock,0,0,0,8435c0a4c96ad57f8cc1cc620771cde1,07ba628cb7de326d689ca25c569bc814
Kel-Tec RFB regular handguard,0,0,0,8d4ba545d36addd07c9087efe149094f,28c8d365e9759e4efa3ca32fd472f633
Knight's Armament KAC RIS handguard for AR-15 and compatibles,0,0,0,ec33c90cb6c6a7fbad5eadc05dd4fdfa,de6fd63532dd0fba5cce478b4a943c3f
Krebs Custom UFM Keymod System handguard for AKM,0,0,0,b6eda979d539cd2a842831637303cdd8,8537ef34a65f8580c7ac48f3fcafa037
LOBAEV Arms DVL-10 M2 handguard,0,0,0,a4f74fac846862a19073c56b03c8333c,921eaa38dbb571f3c1c8433b2b0a8512
Lancer LCH-7 12.5 inch M-LOK handguard for AR-10,0,0,0,7195a284b4cbbbb9c885fc205de49131,710804b6600aeaac5c6cadcafad88c95
Lancer OEM 14 inch M-LOK foregrip for MPX,0,0,0,478af25dcc30c384ce604fe936d3f2e2,ebfcbe6db15d192b4f8f3258c12a441b
Lone Star Ion Lite handguard for AR-15 and compatible,0,0,0,5a855fd4705842b164f803832db679f6,c079bfb19d9747eca5b4be638e1babca
MP5 TL-99 Aluminum handguard,0,0,0,1507a84058accf3ba9791d397d575a44,4664e4ea12c5760869d1d2fc4c863385
MP5 Wide Tropical Polymer handguard,0,0,0,bcc7fe75c9690d167d9c9693a04c6ff8,a3272d826b175e75d942aaa14ea07e00
MP5SD Polymer handguard,0,0,0,7195a284b4cbbbb9c885fc205de49131,369b6cb8184b93a4c54870d5bff39afe
MP5k Polymer handguard,0,0,0,07daff21d3c5d99c0a1a6dd8ab176fc9,d1a07d16601af5b7a2cca7a41edd8895
Magpul MOE AKM HAND GUARD (Black) for AK,0,0,0,77145da4c9bf70b7f62a8f5c747c87e9,37d47ed5c095001f44b03e11424dfe48
Magpul MOE AKM HAND GUARD (Flat Dark Earth) for AK,0,0,0,e8f74fc1f63f4f585e13269d3184e0a1,dea08fa529b3cc4a9e7f3f3035fa164c
Magpul MOE AKM HAND GUARD (Flat Dark Earth) for AK,0,0,0,e8f74fc1f63f4f585e13269d3184e0a1,25e2c284656ac66b5f69e7af87ec411d
Magpul MOE AKM HAND GUARD (Plum) for AK,0,0,0,922810a7f90045452efe84d94bad55f5,e27702ab04c53c666674ba5ecc949a5b
Magpul MOE AKM HAND GUARD (Stealth Gray) for AK,0,0,0,d76700fa091024a27222cfd48c48e3ef,f5484a1eceb0b4390983fde2c57335fd
Magpul MOE M590 forestock,0,0,0,c827db16e6577d6b1d574eec94f0c7da,b594c90f6f076d3d14326487788b16bc
Magpul MOE M870 forestock,0,0,0,3eac4ca503bd07c5e15aa445ae38519d,1c98e0f2401e8f0a0940d077b07cc088
Magpul MOE SL carbine length M-LOK foregrip for AR-15,0,0,0,f6fe4bfb761ec0900bac52543018167e,2f1e7a4255565e20948231e9e38e0da1
Magpul MOE SL mid length M-LOK foregrip for AR15,0,0,0,e8d8b14390117619c9b331dbd8a3d538,c754334c20f12b50746de0274b6cdbe5
Magpul Zhukov-U HAND GUARD (Black) for AK,0,0,0,d7becad4236dfff0b298a69053f1e125,366c0dcf0108f3a76ca9b7363a7dec91
Magpul Zhukov-U HAND GUARD (FDE) for AK,0,0,0,9f4ac02d0b609da47403f5ce1281f6ed,781e91763b483989a42c1ca2f7a9ee65
Magpul Zhukov-U HAND GUARD (Plum) for AK,0,0,0,f4d453a71302411290476db068af0599,4f341a34753ec0b23c2de9f4c0c92cfd
Midwest 10.5 inch M-LOK foregrip for MPX,0,0,0,fb7f9e983dcbb3bf2504868e7e33a6ea,b0da4800c5b89c1ab596402de95aacac
"Midwest 13.5"" M-LOK foregrip for 416A5",0,0,0,85d6038336c021bc7c86bffc458caa01,5b2c1f7975f31cb06bbe7dd3ef2388d2
Midwest 14 inch M-LOK foregrip for MPX,0,0,0,78e1ba5fab444e4fbe1547028998ea28,d3791d3d629a973a11c97d5ffd5d2052
Midwest 4.5 inch M-LOK foregrip for MPX,0,0,0,5445452ad0bdae73265225e459789df5,1275e12fe76c1956564aa256153d18d6
Midwest 6.5 inch M-LOK foregrip for MPX,0,0,0,090525375730bb792672eedd95e3b2d6,047dfad0a413770cd91d90d775fdcc13
"Midwest 9"" M-LOK foregrip for 416A5",0,0,0,09c9541874ced9ecbb9ca3b5298dfd63,a24d681263eca0db48a53f4eb380350c
Noveske SWS N6 10.5 inch foregrip for AR-10-compatible systems,0,0,0,25ac93cb7a8ae781e528c73494e00250,5c8159bdfe3b83d4452b252524851a7f
Noveske SWS N6 Split handguard for AR-10-compatible systems,0,0,0,cdb7c63cdacaee9a8fdf5776a2019254,63729080605f5d8f68c27af133966020
Original Austrian foregrip for a FAL,0,0,0,f8f4e1a22c34aeda11b06692723b503c,90097f29cceeed176803983cc6a01f55
Orsis handguard for T-5000,0,0,0,ccd8181f18126d3bd056485f364d76a8,b53394a5e645ff5d434c49a95c863f7a
PTR Tri-Rail MP5 handguard,0,0,0,7195a284b4cbbbb9c885fc205de49131,f162fe84fd9c51383ee81895beffa3c7
Polymer AK-100 series foregrip,0,0,0,d8f9d674b94397003ae22077e16d8b89,74d521b7e8ce13fbad3141f19cb40486
Polymer AK-74 foregrip (6P20 Sb.9),0,0,0,c23220ed86fe6dfde97cbd34d7bbe758,9d846ae69a49df04ecca415987d335dd
Polymer AK-74 foregrip (6P20 Sb.9) Plum,0,0,0,749d1e05216ffbe915460b05416e96fd,e99a85f8fe4b57464abe1bb7850ece0a
Polymer ASh-12 foregrip,0,0,0,84962b026a7495ac7079e9c716e5ffcc,439680d5d9e174681e5c78b8b6f34891
Polymer SVDS handguard,0,0,0,0ef9d694de6582b2483f2389564ab372,f8956e3fb92fcd7fd5214d443a8ca2c1
Remington Arms handguard for a R11 RSASS,0,0,0,99e0e96600dbc0433dc269adcdc1180d,66bc631b8336ea72aa93b2b0d364b809
SAG MK1 Freefloat Chassis for SVD,0,0,0,a0825ed47d0217b1853cd20bda73600b,f36e934659dfb59d523ca2da4b0927fc
"SAI 10"" QD Rail foregrip for AR15",0,0,0,29648821167d58f204690bca381016f4,012402fc26c0504bbd7ff1407e960480
"SAI 14.5"" QD Rail foregrip for AR15",0,0,0,a6dfab715706db023f2cb90e9effd38d,01a89c4464215d8f7969391328cc4ac9
"SIG 12"" keymod foregrip for MCX",0,0,0,980e27bddc8e3efdbd1e787181823185,31666f52fe56fff054780c512e12113d
"SIG 8"" keymod foregrip for MCX",0,0,0,1a3eec867c4cb59f1b5fb245d06f9883,ef6b0c5075ef3a10659a90f2f0df1fd8
SOK-12 aluminum handguard Bravo-18,0,0,0,5871f81503fea08d362fa4e2274829b9,6f1a0c9bfb917f5491267c58af311adc
SOK-12 aluminum handguard MTU002 Long Top,0,0,0,e8b38785232b38c6bdd89c68ec778659,4499881295c81f46f633f912f9d3b8e8
SOK-12 aluminum handguard MTU002 Short Top,0,0,0,5c2a3f01a02814ac91c48c94263ab005,1a0ca0c18c1d7a978a1dbf15da354681
SOK-12 polymer handguard Sb.7-1,"10,038","10,038",782,f59b4de799e1df5be2231d94ff9fae1d,e07bebdee65b0663ef66cf4e54e86bd7
Speedfeed short M590A1 forestock,0,0,0,f3af87767e07b93f92e70ba003e4b5ce,e6b588289d92aaa324f101c9c0148ecf
Speedfeed short M870 forestock,0,0,0,d15f934ff42d13f67c6a476a2b40310b,No hash
"Stngr Vypr 10"" M-LOK foregrip for AR15",0,0,0,9b8fb0f6b55335496b088789ff1b194d,6c0c618817159c30b87e064769a9c677
"Strike Industries CRUX 15"" M-LOK foregrip for 416A5",0,0,0,800b7c0f5246d55abeb6fb86dcc5ed28,d6529e8d3a2aedaf7e438352681e5446
Strike Industries Viper carbine length M-LOK foregrip (FDE) for AR-15,0,0,0,1150997cf1348a4878fb1addd2f0f2c3,67ba15c6756881e81127a43a35cfaa77
Strike Industries Viper carbine length M-LOK foregrip for AR-15,0,0,0,5d7865b2a6ec41be1517a9c6200724fb,7084b74d9d98b35d605df59efc5ed71e
Strike industries TRAX 1 foregrip,0,0,0,52dfe4e10029a0869073af15565e732d,d1b3152a05cab497fa86aa6324307bbd
Strike industries TRAX 2,0,0,0,e4cc94cc3b17a7ab97a87c59f20dd7e5,c2a2cadb971632b9738603557b2ee8a9
Sword int. 18 inch handguard for Mk-18,0,0,0,cf4aafcb7661acbcb39645a9781432fc,385b2311453c9676ec4e8dd891c0b8c0
TDI AKM-L handguard for AK,0,0,0,63a579550ee4758d8c5d460f8704bb73,9effe1b473381371f4b4e104d185ef71
TDI AKM-L handguard for AK Anodized Bronze,0,0,0,b64b8d88ca48801526e7b795e08a1964,9effe1b473381371f4b4e104d185ef71
TDI AKM-L handguard for AK Anodized Red,0,0,0,3e08f77f882eb56592ec88cc13df4ef1,3d47f5a0e364d580430c49caf91baf83
TOZ KS-23M forestock,0,0,0,9edc50804ee719a8d2156ea698864e07,No hash
"Troy Industries 13"" M-LOK foregrip for 416A5",0,0,0,d79cb5df98f7e330afd8a5a0024d32d4,466450251358cfaf01a08ba22b94d2ed
"URX 3 8"" handguard for AR15",0,0,0,62af908480c6c75f9dfd3bec6f0f3523,ce95e2b58f7655ffd5db05504e00c5a9
"URX 3.1 10.75"" handguard for AR15",0,0,0,94129b265bcf17900718fa822249994b,d575053788e33189dcbb6a9d8fe11044
URX-4 handguard for AR-10 and compatible,0,0,0,0255416020315db30b6d3d121ffffca8,c61ec4fa7143f1eb36707ce69a681530
UltiMAK M1-B handguard for AK,0,0,0,No hash,No hash
VLTOR CMRD Keymod handguard for AK,0,0,0,5b4574e81e5fadfd737c57db407e25de,8a8cc3f14c52aee62b6c4a7f0f010594
Vltor CASV FAL foregrip for FAL,0,0,0,e5835f778682c55712b9faad0255d9a2,dbcdd395a88067e7a82cac2f04ceeeec
Vltor CASV FAS foregrip for FAL,0,0,0,1a5ffa1c76c685ac3b24c78c1fc64535,dea20cb3f729157bf28d1187f2160279
Wooden AK-74 handguard (6P1 Sb.6-1),0,0,0,c0e8da1ecb9bb3e0163b9d7da4930765,9baef18ad2995998ab1394dcb0f05948
Wooden AK-74 handguard (6P20 Sb.6),0,0,0,8112c0952daf1f6445dab52facbd91cb,No hash
Wooden AKM / VPO-209 handguard,0,0,0,e2bbb577df26fef14db1402ec48b5ac5,2dc808c4668de1889682601624690c60
Wooden AKS-74U Handguard (6P26 Sb.6),0,0,0,4381b4a54f374cf10358e9624f93a551,9baef18ad2995998ab1394dcb0f05948
Wooden CAF WASR 10-63 handguard,0,0,0,f131602d054487020db4a1708df2674e,8941c7d1b937fc87bd9e4ed70db67587
Wooden VPO-136 handguard,0,0,0,63d7c87ba534270aa8ed906285d4dafd,a8660ff26e766f7c30afc08a4bfbb2d7
X47 Tactical Handguard for AK and compatible,0,0,0,7f42a4382cc9b4aaccf36dd253489e6f,2ff8a017f6eec547c5612a83aa6d8303
XRSU47SU Tactical Handguard for AKS-74U,0,0,0,5eccf0d26b30e28a32c4fa0a4de8c08c,7078e35b193a52a98ef815d84a914c52
Zenit B-10 AK Handguard,0,0,0,f27f8f506d5112ea7e5fa7d1636d5975,2e8dd5c0f0b611dffee45e83a343e21e
GP-34 underbarrel grenade launcher,"50,9","50,9","28,504",No hash,No hash
25 mm mount ring,0,0,0,27ab104762166bac5d05b9e4958f2c60,f42e2670dca047b273228ba2d887b559
25mm rings made by UTG,0,0,0,d0a460b35d2a78a497efe95804726208,40ae130abab1ba3470ffd7d955d1d3bd
30mm Scope mount,"34,165","17,083","2,288",fe43ef507438145a28de70f93244e0bc,18e1da50d6b283c26df61711d5994142
30mm ring-mount AR- P.E.P.R. made by Burris,0,0,0,e512803ce11d7ae32fcb0fb88e2f6b3b,5b32d2dae7fbe86f50c36fb3e901c73c
30mm ring-mount Remington integral for model 700 rifles,0,0,0,0b991f1df385afaa37e5c3f178a25f9f,642da2bd30b26aafe2b106cc33c6ac1a
30mm ring-mount made by JP,0,0,0,f4ef7b501b0f9dd3e45949d50b2b2f93,f271d7f72e97f929d69ecfb9800b274f
30mm rings made by Nightforce,0,0,0,05a0191d44023f0b86dfeb50d169f12c,8ad5b2496e27cea7566730f003d5999e
34mm one piece magmount made by I-E-A Mil Optics,0,0,0,cbb4571e253fe451e4b3aa0f19ef8b22,0835235cf8c13dcf34d4388287d5bfa1
34mm one piece magmount made by Nightforce,0,0,0,26e3f208e73d208500600656b232ad90,4a7d18e7b7dbe683336e617b4cb7e66e
34mm one piece magmount made by Nightforce with a Multimount rail,0,0,0,53bb3e2d6ed80c061c995f73b9d73151,0b243fd5aed451aa9cb310121fe98470
A*B Arms MOD X mount for M700,0,0,0,008796301d8cb70e310a10fd0d211f9e,229a3e901bc1ab4015dd265abdd2371f
"Aim Sports ""Tri-Rail"" rail for Mosin rifle",0,0,0,d7dd78bca0ac0aa41f46841cd52b5d95,0015744b174ef38581352c4c8d60762f
Aim Sports MNG rail for Mosin rifle,0,0,0,adbabbea3d3478efe3d34b05993c4206,5f77e12e63d1dc5236e22056d4bf5d59
Aimpoint LRP mount for COMP M4 sights.,0,0,0,23ccf15abd4cf9eae47c3a7e92031534,6aa2bad27c5a9ebc314c180a0f5dd31a
Aimpoint Micro Spacer High,"6,785","6,785","1,234",456ee84c76e4c52e05b8082a0f6dd981,517377af5971d9ca741668a54516750f
Aimpoint mount for the sights of Micro series.,0,0,0,642181591dc6dd3da1acb14c890c5d12,No hash
Aimtech Tiger Shark,0,0,0,43837bcbe7d0052e55d4651c3e0aa565,ee915748d328f9da9781918870afba7b
Aimtech glock base,0,0,0,3ea525495f3592f511a79171aeb04828,feafc171400132e9f5710b708a5333a6
Alexander Arms 10 inch guide,0,0,0,e5f741c09dd1c412e6f05a327e82aa45,30aa048fc69777586c519bc40e110717
Alexander Arms 3 inch guide,0,0,0,64269e301ac3c88bf253dcd114e8b768,674ea2f8fdb2b15cb578bdf9f501875a
Arbalet Patriot K+W mount,0,0,0,a2cbfabe71469b8c06d88142cdc3319b,e4d42ec38529046504570b545eb8b25d
Armasight universal base,0,0,0,d527833f6f65100eeef01ae9b86bf7f7,9faf5f8d63a333e9e731c6d30bf13362
Arms #18 mount for M14,0,0,0,2272ee6ff665b6f8aac341c576a89818,bf2a57b4156e8331089a6c1da12b37d0
Axion Cobra mount,0,0,0,85f669695ce4229104fe1498da5ba0d6,6e78e50e49df6bd5aa76a6acf4bdbccc
B&T 3x rail mount for MP5,0,0,0,fa36ab555893356e591b12292231d8e5,No hash
B&T MP5 SD Tri Rail Ring Mount,0,0,0,51a2e6d794e03aa2d490a441722a89e8,9ef5f0ccb5dc1bd183b8eec9b449d6fd
B&T MP9 bottom rail,0,0,0,d40dcc704f91ce5908e8459b0004def8,609d8194e9a26a6d31509242a2235283
B&T MP9 side rail,0,0,0,7e99c3088010d445f36e3c1525b93a1c,51d3a4f73d13449914a04e4575707b3c
B-12 Mount,0,0,0,98e771b2ae7b27e553a07852eed0ad23,727c273307f4cb40721f50232ba5469f
B-13 rail platform,0,0,0,14d5f41d4872240b1e62dbf278ce1bf7,fb8efbca8af6b25473e1898b26bac838
"B-13V rail platform above reciever ""Classic""",0,0,0,4206dec8f1fa3056f8cd203e727af75e,50f59b797346b3985c220254740095d1
B-18 Mount,0,0,0,597767d104faff37e5e7b8d75af31bcc,655720e97687a7768a34474825c8a71f
B-3 mount,0,0,0,31ce6312b6239812c9e81087c2d28780,84d893271338ba83655e602b5b024e0d
B-3 mount combo,0,0,0,d943c879e35c60ce11fa5628302c0bba,1c74d5384771b3399c713083ddc0d826
B-8 mount,0,0,0,f77c395028becaa70a9f46fceb6c4dee,81c435d9811af4fac56a951bdbf23f5d
Bridge Sight Mount for P226,0,0,0,cd89db0368f9df9c5d7e968772d5d8ce,a7f19e25c51ae38d0e1a9442cf82fe23
Burris FastFire Weaver Base,"8,736","8,736",886,d4c012f9c21460df23286733e82e39d7,54de66e1b70af6d96ccc509dbf7337f4
CAA DRG L-1 mount for SVD,0,0,0,01bef886d43ad8e13a707989bcbb0475,61500df3df747a34b0cfddc4504780d1
CAA XD RGL mount for SVD,0,0,0,0418d7963c22bb9e9a94bc638ab13410,ae09165b988aad3595028b4bb64da48b
CASV 14 mount for M14,0,0,0,7d49082cda0a1191ff2c76e9dc39cd59,b43f678c2502ed66ab79997d2b12d5e1
Compact mount for sights,0,0,0,e59014dd3b957f01e8706d257c037605,7f5d77d097c4b057b898e5a8651f1b3e
Cross Slot Mount base for Deltapoint scopes,0,0,0,684d76d5c0dfd0fc9125b7d86ddb8d66,d876c6ba0c6e8533e651229a7fa26a3b
Delta-tek Sprut mount for pump-action shotguns,0,0,0,5dd473fea89c167523a4c7769946a6f0,501830c574c6e199f440fbc2e6d34313
Dovetail OP-SKS mount.,0,0,0,33f6e9f031afe8dc5f0c556fc364035a,3e5217aa872d8276c9a5b3377dc550ae
Dovetail mount for TOZ-106,0,0,0,ec97512f35d01fffbcedee753c9ecfb0,84d946088a8df4f74e72ffb49710d74f
Dual Dovetail Mount for PVS-14 monocular,0,0,0,4f1086bc86df74be472c8cade3a1c3ee,90ea829317cb919600a0047ba653f6fa
ETMI-019 Mount,0,0,0,64c611cbce89e6c755a659c63b74a079,765bad61defcbb9d076cc9803e3a0ae3
FN EFFEN 90 rail,0,0,0,fed51a94f106c037f5666741504c1994,91e4eaf034c0bb1ee06b20646be7dc62
FN RMR Mount for 5-7 Mk.2,0,0,0,7195a284b4cbbbb9c885fc205de49131,054bf9de203ec5095ab9c556292f39f6
FN side rail for regular P90 upper receiver,0,0,0,3abb4ec10ac84fd5ce6a88f86ea33852,41d4d9583b71badd582355fa304a9d6e
FN top rail for regular P90 upper receiver,0,0,0,4d82e59cdb6b8cbe997d7b670962b881,d572e71bbfbe53aaffc0bc611e7ad0f1
HK UMP Bottom rail,0,0,0,1be68fe374ffbca4be084cbefb41be11,78a77e48b39dcb62360b1111c0c2a426
HK UMP Side rail,0,0,0,ebc3b1f4c6337690e5113127518afbb1,4d339bc7484b051a20ea1bc6e421a062
High profile mount for Trijicon RMR,0,0,0,681e14703ccc6c28960dd6ab20d2160f,7d592b75a0f58045a80cb8e92267b719
IzhMash modern rail for SVD,0,0,0,1815ad558d72b3212768c4bcad32fbdf,1de06715f1f42299bfc427b4b3df9457
Izhmash RPK-16 rail,0,0,0,519d687177c109f99d5391221e61a815,1c1b4d1ae6b6ba904d2962c448048211
KAC URX 3 inch guide,0,0,0,595b004711b6cb1f19b27f80e70a59c7,dba4f43258cff657632b1ed464aeef25
KMZ 1P59 Dovetail mount,0,0,0,3c2daeedeb96b654ff556e4e8bc2eb0d,24518f1235e506d47150398e43b87727
KMZ 1P69 Weaver mount,"23,555","11,778","1,053",a113032c6817d55b2594e3b17cc13754,bbbd5467e8d052bbc8aeda25f06222a1
KRISS Mk.5 Modular rail for Vector,0,0,0,71e8951315cf3e5946bf0297f20048d9,fcd8dcd38c07abe31374f247d637835c
KRISS Vector Bottom rail,0,0,0,a6c389d6bb721c4f5a13bdb154569e32,ea3a9697572f154cb25a7f8d7103fc56
KRISS Vector Side rail,0,0,0,a554198d6a9ddd7b2a8db1a2e249eac3,bcb3abc7436bbecc6e98ab66b2ffccd9
Kel-Tec RFB handguard rail,0,0,0,3bd4a86a97d701412d50e01ce6c78fd7,96841a778380ad747580d638605c2132
Kel-Tec RFB scope mount rail,0,0,0,73d6ac8520d0f31399026c93f3639f81,c82458e96aac7d22501b0a69882479e0
Kiba Arms International SPRM mount for pump-action shotguns,0,0,0,4f64a1b93c320850991907ae30c092f3,80c928ed7a127e0e255d4cab32e667f5
Kochetov Mount for Mosin rifle,0,0,0,f411dae251398641c6a58db46811b6d8,77e5af863e8bc4db35419e9202c6ba9f
La Rue Tactical picatinny riser QD LT-101 mount,0,0,0,1cd182aad0e9458d15de72eb7c48bf16,7039a975f72ea140aa18a61545d78a4a
Low profile mount for Trijicon RMR,0,0,0,95e9e64d52168f0a7c15cf7996b1dd66,9e121481f103b57874b4bde3abea9649
M14 DCSB,0,0,0,04945d141a3b44e87e509ef079635458,399ed1939952607e096566e3d359a883
M14 Mini Scout mount,0,0,0,7c808bc790daea0b50ce8b0bee1665ef,c62c8157cd1145c7f4cc5bdce31958e5
M14 UTG 4 point locking deluxe mount,0,0,0,96cef74d5b45efa88d4e1f49be3d2f11,No hash
M14 Ultimak M8 upper part,0,0,0,fdf6e975716d118f22af9036cb5eabc9,3600b87e3612a5fd9a17d70f957ebbd7
M1A Socom 16 upper part,0,0,0,5170d012109f51f972f78996d25b7daa,0a5bc9d97be70033fac737737e535ec2
MFI HK Universal Low Profile Scope Mount,0,0,0,3ab26166b32f0504e7590c01df8c0ebf,01f85ab5fceeda8bda7125eb714a6cf6
MTU-028SG rail for M870,0,0,0,5872136c9a64417cf5fa167a923cad80,a13afb79a699a975ccdc77d32b3f8748
Magpul M-LOK 2.5 inch guide,0,0,0,c39c9d2f0ace5cb01c2e208becd3e622,fc7df09874ae946154988d0e19b000fa
Magpul M-LOK 4.1 inch guide,0,0,0,241a62590d2e6322ad6412614222c71e,ea471fb8f956817f12b837d7524bee36
Magpul inline mount for PRO 700 chassis,0,0,0,1ce9b30a04d0a0eb545271d937643ee5,cd13b45bab3cf319b373de7063a5b377
Medium length rail for Hexagon,0,0,0,7195a284b4cbbbb9c885fc205de49131,fedc3c1b30e5339481e02aa687b8d748
Medium length rail for Hexagon(Anodized Red),0,0,0,6a4167e47831b4917fa11cfe9228d7e8,8cd4e64fc36ebbfe7a6b580d7ff0052d
Mesa Tactical magazine clamp for M870,0,0,0,8382184f7a6e1171e7bfea049bfa0795,55a93c1975d64903ea9b7dcfb21c2e07
NCStar Trigger guard mount for M1911A1,0,0,0,6139a0367d541aad513feb597d5412df,be306f57276af6f5381145479720cbe3
NcStar MPR45 Backup mount,0,0,0,e4c82749041bf66b99d18d8470e2a652,60bfb3c61b46c5e7c42ef5a0276db62e
Norotos Titanium Advanced Tactical Mount,"33,194","33,194","2,202",aa113faaca30a38164e8ff2551e87d71,eb299041107fd88e5e4856097c63d5d3
Ops Core Picatinny Rail Adapter mount,"48,433","48,433","6,72",10d56cefd04dfd93762f3bb20433806d,3edc50c23b28844eb101e32378837c6b
Ops Core Single Clamp Rail Adapter mount,"36,428","36,428","6,72",9ceabfdfe1190bfcf7127b0ef0dee9a8,5dfec9ffd64a1782bffdf6aa91c1e387
Orsis long length rail,0,0,0,bdd917e3e539ef7650a567698465391e,7c7105629c04a4ac2f6aca8822f00362
Orsis medium length rail,0,0,0,65a6a7cf028cc800b36c24a172169ee9,2fd547b942e09b14e816e9c9f0441075
Orsis scope mount for T-5000M,0,0,0,524c027f402492df4dcd924fe10b7b3f,8019e182281d30a720a922ae229b44fa
PNV-10T dovetail adapter,35,35,"1,432",7195a284b4cbbbb9c885fc205de49131,b363d4bffbda7fe4020ffb669baed7ff
PU 3.5x ring mount,0,0,0,01118d009310f90a67184c890ad915d8,a9477d9d3d66ad72f218ea8bcf0c8166
Pilad 043-02 Mount,0,0,0,c2be39a25ca45b6d4c406c5a591b3d3b,935c24b75bfae4efcf959471ab75bbd6
Remington RAHG 2 inch guide,0,0,0,3ee585efc646c8e7cdb06714f420d649,87dc0d0439019050650af7a3f7824aa1
Remington RAHG 4 inch guide,0,0,0,b2d41f2aab5e2e7039be60e73d6cf2ae,003e1521381ab7dd4cc70bf2d76d3144
Rotor 43 RIS mount for PP Kedr,0,0,0,8e968b4b759b2b0b5f6051858edd8e74,b3f4eb0d2a7c28fed0293e3fe797bc54
SIG MPX Gen1 Handguard 2 inch rail adapter,0,0,0,0eda141e53b1bdbb16004112577d16f2,40598bd0a6e0361def57cd5bd29a2f3b
SIG MPX Gen1 Handguard 4 inch rail adapter,0,0,0,2a514358c7c32cc313bfd7db91438edf,69f2aa7e850215ae894c34ac16e5b5c7
SR1MP quad rail mount,"11,271","11,271","4,899",e132e125d3a3d68a188c3e532ed39f94,7c262ca115fb778bd33843c14798427b
SR1MP silencer mount,0,0,0,f2a8f55790dc7399483bdf667cfaa7ee,f598708f55d3fd9b9c44d5b5fb9a8e67
SR1MP single rail mount,"13,483","13,483","1,505",1f53e4bb62eb8870e7989e3206ac2551,21b3fb71e5da46fb5cf4c0adcc386913
SVD Low sidemount,0,0,0,acff5c83f3eb6ec761bc49d9275d5676,4b312852434c15cdb793096abafde9a3
SVDS Upper Band,"20,041","20,041","3,129",No hash,b00153bd4318b45ab1e01f252c903f01
Scope mount for VPO-215,0,0,0,f6d41b0bb5e1fc3dd163b66fb5893476,470d85a35b6b674e11104c220055d623
Short length rail for Hexagon,0,0,0,a96fca19ced0802459268404ec243ff0,cb7d4e675fd6c460cfefd55dc221cc9c
Short length rail for Hexagon(Anodized Red),0,0,0,9ff19612df68747bb8439b85490ea5ac,d7e9bf59acc57608071955bc27bebadf
Sig Sauer mount for the sights of Romeo series.,0,0,0,ecf7448c564d0403fbf92ec2f8b64aef,cca00ef6b0dcf672d8a0ea054974c1a8
Standard Spacer for Aimpont sight,0,0,0,d5daf7b654e60a11af503b24eb962188,50275a2c76632d91baa92ea23b5f4d5e
Stock adapter Tactica Tula 12003 for MP-133/153,0,0,0,c7bf7948b5ea55c74b00c354b89d2e65,02e25e44fa4e3a81bada11a7a689170b
Strike industries bridge guide,0,0,0,199f1138a79922253ff7383fee0f2dec,87c07d658fa989f59adcee898f1abecc
Strike industries keymod 4 inch guide,0,0,0,41b1d41f9b91dec9b423d891350dded0,41b841112f78240f24261b4f540c6908
Strike industries keymod 6 inch guide,0,0,0,8716bd98654a0afabb18586ddc072ca1,ead443b5af41456667922410529003b3
TA51 Mount for sights,0,0,0,59cf10f392000561caca0223d47a8188,895897e811ede2883830056775141f9d
TOZ 6P29M Mount,0,0,0,6f9b68bac4da700e5ab513e4457734a8,83221d2b34f363e168b0400c19e95515
TOZ-106 scope mount,0,0,0,93463016af1c5892de89a9a1d65251ad,e41eb81d6451addde5226a26deb94d87
Tactica Tula 10000 mount,0,0,0,7195a284b4cbbbb9c885fc205de49131,No hash
Tactical rail for M590,0,0,0,9c9c39b5426408832e2f51f1e91ca956,No hash
Trijicon RMR mount for ACOG scopes,"22,477","22,477","3,462",0c4633003cc67945e40f6b7b6ff0b550,b95962c23e93cc53bef6fce01828180b
Trijicon RMR mount for a Sig-Sauer pistols,0,0,0,4a97a746af215470337b0ba5e68aa6ed,e3f7b240acc065000a987799ed308952
Troy QARS 3.2 inch guide,0,0,0,6c867918cad68cd07a832709e809b601,6060e70e547b02b6996315e5f9eaf931
Troy QARS 4.2 inch guide,0,0,0,f8874edbc5f064b0afd11bf5e566ad8a,c2fe6d219e38e3a2c2b74d60d26d33bc
UM Tactical UM3 Sight Mount,0,0,0,40047568e5b133f54596160747a06576,836b9321bf495bdd085d428b6f4f10da
UNV DLOC-IRD Mount for sights,0,0,0,536828d9510ff9d1f3ec140fb94dd18d,8c32c441e6394740b7d275f9dc85968a
UTG SKS SOCOM Rail mount,0,0,0,654dd951903f6da4fba5ab36df6c5187,a77abebbd1c65c6d31c94f260499cda4
Vltor CASV 2 inch guide,0,0,0,6f1df0c61691cf0878bd0019bb5d7c75,684ca97f7e70df45b467bd15ec63bfc2
Vltor CASV 4 inch guide,0,0,0,a9c25b2e2d4806026c5b3376daf2c6a9,09e1c5b86e6646b1cae29efd1bb94a0a
Vltor CASV 5 inch guide,0,0,0,c10290350e24564de34e134e5f66cdf5,a22e4622b5229fd40d72595600e75fdb
Vltor CASV KeyMod 2 inch guide,0,0,0,03bc26721d011760940835e2849ec64b,829159f9cffd109cd887435e928d6234
Vltor CASV KeyMod 4 inch guide,0,0,0,43c3344ef2c7552a03af4fb6ca615938,69e7762ad44638b4aef346b8e892d7c6
Vltor CASV keymod 6 inch guide,0,0,0,39d2a734c9a912327eb76dc923c30726,f3955e932312b869eb74d872bcba3d78
Weaver extended multi-slot base for Remington model 700,0,0,0,a74b5d4b190cd705ba991d85190ac12a,7f7bbdcd3ed537f20750f1e681f1a914
Weigand Weig-a-tinny mount for M1911A1,0,0,0,40a008dde70c85ab52060ffa6bf0995a,b1fcf9a948a3c04cd25d93b1f52abc51
Wilcox Interface for PVS-7,"10,201","10,201","1,521",e222aea1223c12298945ffeb5ddf16f8,0de780fe6fca917a2659f5a35f6a28cb
XS Short rail with Ghost ring for M870,0,0,0,a2d780bc2e9051513e28edcaacba6106,20f298373f47574d07092929b9c38073
3 Lug thread protector,0,0,0,7e6a2de110e0909da87a2fb2422981f4,d88fe44b9d6992d508f36d1c7f347f2c
3 Lug threaded protector,0,0,0,3cce5ed6ae9f376cc75a258eae67d897,ad551a79eb787f9a2f24570c714be8ad
3-prong SIG Flash hider 7.62x51,0,0,0,837b51f0e455d6ce4204706a7a889bcf,a26d9a089ced06487b63b2a3db003e46
A2 9x19 Flash hider for MPX,0,0,0,bf487c3be69ad0bc65735a85a466c5a0,10f18aab5610ca856cbd5705dfb24c4f
AAC 762 SDN-6 7.62x51 Sound Suppressor,0,0,0,5b8e3c5191ceba576ae44173be7443a7,36bf72874fbed739b6f947bce37d4d8c
AAC Blackout 51T 5.56x45 flash-hider,"9,174","9,174","3,443",2b3424881b735d03d18cabe0a9ac41b4,41b2ea2581f1fe58c412889ab14a00ec
AAC Blackout 51T flash hider (7.62x51),0,0,0,af1baefe6bb945df54ca6dfb64876097,0da11826e2cc07c2afc41aeaf74b8eb4
AAC Illusion 9 9x19mm silencer,0,0,0,0126bd15b0db94bd8a51ecf4f7890c5f,5505ef9782b21e09fc2119ea340188b5
ADAR 2-15.56x45 Flashhider,0,0,0,52339bfa0bfe1e685c4808632f228990,fe10f65399eaa5b76d302e0277dc0f4e
AS VAL 9x39 integral barrel-suppressor,30,15,"13,074",f23aff376e105bab64aff91c498666c7,b9a1fcd126f610fbe937fa6b09c83c04
ASh-12 12.7x55 tactical suppressor,0,0,0,a4f6f1c5fa2f1f79d468363fafec68ce,583d39d492c7538780501c119f292e5f
ASh-12 regular muzzle brake 12.7x55,0,0,0,3055ce1562deb1f3da4d0310ee02ee7f,8b332e9cca1acb41005a309f81eb45f4
Alpha Dog Alpha 9 9x19 sound suppressor,"20,526","10,263","20,529",68163976e1f3941fa964a730ee6ff607,d4ff5d089e42efaa93e5cdf67523c2b5
Alpha Wolf Bullnose 9x19 Compensator,0,0,0,68163976e1f3941fa964a730ee6ff607,68a19c80149c3898d831c5a9667029d2
Anarchy Outdoors Muzzle Brake .45 ACP,0,0,0,e57933df7643cd5a334858a97b4033d2,ea29b7c05f919bc0a871e12d49abb625
"Annihilator 7.62x39, 5.56x45 and 9mm flash hider for AR-15",0,0,0,32714b097a610e8eadad1a5ba2bf1af4,dce6106113b8e83ad8ab35c250ab3e09
B&T MP9 9x19mm sound suppressor,0,0,0,No hash,No hash
B&T Rotex 2 4.6x30 silencer,0,0,0,ef98fbe06e15d49ce891ceadfc9b915f,9ed4e3e03e54b82c439233fa52e2f000
B&T adapter for MP9 regular suppressor.,0,0,0,No hash,No hash
Bramit silencer for a Mosin rifle,0,0,0,96f7f484e4eadf299ecfa9c506c1b631,e8c2c7ea18db11ab3d4175ecb6267fd6
Bulletec ST-6012 5.56x45 Flash hider for AR-15,0,0,0,1e90fab2a3cf043373e363552a0f722c,ecc4268502a2e9d0ffd6cf7eb39a2436
CNC Warrior AK 5.56x45 mm muzzle device adapter,0,0,0,eba6ca3173729bb6631feb9a34029482,040839b310e878c4ade5c5ddca4dd82a
Carbine brake for SIG MPX by TACCOM,0,0,0,358a559af36ecb67fd6d1ce04de03b9f,2636d3d04682bb915c422cfa55e81f6c
Carver Custom 4 Port 9x19 muzzle brake,0,0,0,0b742953b14dfd8a970102486123d7ee,f0111b3163d10d48a6e1ca6af43ed737
Colt USGI A2 5.56x45 Flash hider for AR-15,0,0,0,5fad99c90f8d399930ff32248d718fe1,7d20f33bf55b69d664ebe352d7e69eb8
"Compensator 2A ""X3"" 7.62x51 for AR-10",0,0,0,21bbb7fcec8678599ae47c81397eaa7b,1f8af5f7a6c72c95289c99c2b984bfdb
Custom Mosin rifle thread adapter,0,0,0,d9e1576f4690eb6603442ce382bcf6a2,3169cc49576f30ffbfdc29814ddfe0d3
"DS Arms ""3 prong trident"" 7.62x51 Flash hider for SA-58",0,0,0,a574b02df5e7f4e2f97e03f15a2e1999,68f90386674525db337543a6c66f7981
"DS Arms ""Austrian Style"" 7.62x51 muzzle brake for SA-58",0,0,0,e094076f1e9e14e4a7124e9bc806f802,a01c4fc79b6226884d6a0f21092b31f6
DVL-10 M2 muzzle brake,"7,247","7,247","2,552",b6bd2734a6bd572d2a2c48d9c05f06f5,00b42b886001b549f283a3f5d6041281
DVL-10 muzzle device,"12,42","12,42","2,937",39b6304db8fcf8ca4dd161f61fc77027,68fcacce3798908625b3c0b056a2c8f5
Daniel Defence Wave QD Sound Suppressor,0,0,0,2822a1f58c18393884b93c899fa025ea,b2741900c6de5229b4110c5e23b047eb
Daniel Defense Wave Muzzle Brake 5.56x45,0,0,0,d6f0d3c6b69a91c6ccf46d469103ef83,4f8fec908235053e14101b091954c300
Daniel Defense Wave Muzzle Brake 7.62x51,0,0,0,28550dfccc43ea7ce1a2666a32aff2d8,aae5fded5e038a5b096b093ddb57e3fb
Decelerator 3 Port 9x19 Compensator,0,0,0,0f62efe36d580f1fb6a569679d254951,581c2ce9c82008e760ed9ec6564e573f
Desert Tech .308 Flash hider,0,0,0,3f60a41f587244920a260a31d5117089,bfc1f48d2e481c159b986fc4d296d2a8
Desert Tech 5.56x45 Flash hider,0,0,0,2084fb65efe7829140f960c64af5a4e4,9740457c337a8f387675ebcd4f5c2cc3
Direct Thread Mount adapter for Gemtech ONE.,0,0,0,0d97e1800e63b260065016bf1ed7df41,df15814e28f25b1a3d329742d6047cb6
Direct Thread Mount adapter for Silencerco Hybrid 46.,0,0,0,e1ca96616eca62420a158e859fa3dcee,e921be9aa3f6fd6a7cad31726b6dc653
Direct Thread Mount adapter for Silencerco Omega 45k,0,0,0,40802baa47255596de85c1a94f58f407,ae04d80acd793fe6e9c24f9460865869
Direct Thread adapter for the Lantac Blast mitigation device.,0,0,0,f8f7a30e7c863bfbac65e5f9f95b252e,8664c6ec86add2d2482d867a2f348c43
Double Diamond flash hider,0,0,0,dcc5fcf94efad8dfd4e0a2d25fa48fec,09a53f6a3a549fec446e3f2b8e6870d9
FN Attenuator 5.7x28 silencer,0,0,0,23e6418d3305cc16504b04e3d3974c87,d81f84d317cbccbe4528188fbcc3f9b1
FN P90 5.7x28 flash hider,"6,968","6,968",896,f205fc2e11fdeb958d34cfcb5497e09c,58435a910e1975e4cc406002f754fa2e
"Ferfrans ""CRD"" 5.56x45",0,0,0,c72c994a97828e3b86e90b3b46144de4,344ac0785f5db5a8645e4d08664a7f5f
Ferfrans Muzzle Brake 5.56x45,0,0,0,d768ba083007b34824ef239c2b5d44a7,36ab98de82126f64b7b01abd5dbcc578
Fischer Development FD917 suppressor,0,0,0,ebf36bf028e78eb75c329de5290a899f,650a9338a0b01e8308c12fe7f11e2e62
Fortis Red Brake 7.62x51 muzzle brake for AR-10,0,0,0,ef322bde829d313f1fd7e8428daad369,4f53b91243accafc5b493b60b0abdb2c
GK-02 Muzzle Brake,0,0,0,647efb533493dc01d1d5f0fbd2840769,9a85853a339407cd403815aa6d4882fa
Gemtech ONE 7.62x51 Sound Suppressor,0,0,0,62367b4b2976bb8335f67d2b07c7c8da,21c6d585b359eaed0686aab386bc62c3
Gemtech SFN-57 5.7x28mm silencer,0,0,0,3a824cc967cc4d689250dd557f4205ef,69e94adecf2e84d1424169e2cd3546a2
Glock thread protector produced by Double Diamond,0,0,0,73f1a232c49a4d3ef0e9576ec92ee958,a1b90e54caa7c5c0b80031fe9a57b6e4
Glock thread protector produced by Salient Arms,0,0,0,ffaad186e3306d57362809bd30436267,40ffe7d060c0f9571be0abed5ff6043a
Good Iron 7.62x51 muzzle brake & compensator for M14,0,0,0,d5afbd50d46af129e3ff0d8fade87978,a172df8a52ff4ef0bee8a755e4cbfe56
HK A1 4.6x30 Flash hider for MP7,0,0,0,bb0018441761a117d844530785cc0b1a,1f7f6c77b825c32e3aa24d974cd84a95
HK Noveske style muzzle brake & compensator for MP-5,0,0,0,3f6cd5b8b3d20f658b9485c4c1ebbab9,ae9e6687c373292ed338befface21e92
"Hexagon ""DTKP MK.2"" 7.62x39 sound suppressor",0,0,0,623730a980ef0f40c446c0ececb53745,cabe26eed807eb2ddb1da6eb86e6780d
Hexagon 12K sound suppressor,0,0,0,1b5087372b7110c2bd9d141bf29d6044,25d8fbd8ee035310601ca272c63d6632
Hexagon AK-74 5.45x39 sound suppressor,0,0,0,7144887909e898939d6e168b2eb7d5d5,9170a0b7635331b6f829aed4a7525da8
Hexagon AKM 7.62x39 sound suppressor,0,0,0,0846671644b112a646927f0bbe6c5480,5d695eb378bbd72624d5ad6d8efca49b
Hexagon SKS 7.62x39 sound suppressor,0,0,0,52141a3284ff128fd6b577b7005ab7aa,2c7749afac4b2e12e914c6eb9351aa48
IzhMash 5.45x39 muzzle brake for AKS-74U (6P26 0-20),0,0,0,589236745312c0c7bb4881aa3556ab24,727f500814e4becba7b8e1b37fcfe6ea
Izhmash 5.45x39 AK-105 muzzlebrake & compensator (6P44 0-20),0,0,0,7f4e00e0853d547cc9d7c7fd0aae0582,31119988df58675c10e803fc7612bc13
Izhmash 5.45x39 AK-74 muzzle brake & compensator (6P20 0-20),0,0,0,4f3bbdf000e4fa0ad7af4229df8a16eb,1b14dfbf71fbeb2e59fa291c941744d6
Izhmash 5.45x39 AK-74M muzzle brake & compensator (6P20 0-20),0,0,0,f90124fdbcff6329b1afc82c8e956eaf,1b14dfbf71fbeb2e59fa291c941744d6
Izhmash 5.45x39 RPK-16 muzzle brake & compensator,0,0,0,85c2a949310dda700118706f6348d440,100082c1da442a9a52b7db443f88ba8e
Izhmash 5.56x45 AK-101 muzzlebrake & compensator,0,0,0,No hash,No hash
Izhmash 5.56x45 AK-102 muzzlebrake & compensator (6P44 0-20),0,0,0,No hash,No hash
Izhmash 7.62x39 AK-103 muzzlebrake & compensator,0,0,0,c135a040122685918b7cb8630bf61ccc,b0c7e7df2ad1d0053e0afd524ba3d617
Izhmash 7.62x39 AK-104 muzzlebrake & compensator (6P46 0-20),0,0,0,No hash,85fb356e820e8d25e4152d24713e4705
Izhmash 7.62x39 AKM muzzle brake & compensator (6P1 0-14),0,0,0,7e2c7f53f4a7e42a34c9d6343fdbff98,bc4e11c0f5a6e29940be2197c3b418e9
Izhmash 7.62x39 flash hider for AKML system,0,0,0,90ad96c3cb0df8b2279075d854fa025f,7a51c483de80da4f990625b7d9bc449e
Izhmash 7.62x54 SVDS muzzlebrake & compensator,0,0,0,ec00e948368c0bcd923465bdc146b248,11b47a8251a04881114cc6b1f25c1188
Izhmash 9x19 PP-19-01 muzzle brake/compensator,0,0,0,30b86a38f230dd9b575e3394bee0fd20,c34072d5b1a230229a2d8ee1f7aa4dcc
Izhmash 9x19 Saiga-9 muzzle brake/compensator,0,0,0,49969473731fbcd875efb2b4d52af985,c4051493e0b63992a93d9cd81530f091
JMAC RRD-4C 7.62x39 muzzle brake for AKM type thread,0,0,0,09399da00e0e6d0e9af562edc19c9ae7,5c1274fa0152e33a80205bb9f93959a0
JMAC RRD-4C muzzle brake for AK-74 type thread,0,0,0,03e7c042dc8b927c6efba579f31a2fa9,No hash
JP Enterprises tactical compensator 7.62x51 muzzle brake & compensator for M14,0,0,0,0e032dad52e502a385c4fae8d49ee723,f018adee2c11412d55ddfb41e0bc7872
KAC PRS QDC 7.62x51 Sound Suppressor,0,0,0,0222f2800b5894f9c40b78b968fefea0,638b807c119e8292feb5cca8f3ccefc6
KAC QD Compensator 5.56x45,0,0,0,16b3a905f880f5fdacdcfb8d1f381b5e,59015c8d8fd99d76258b01df029f47ad
KAC QDC Flash suppressor kit 7.62x51 flash hider,0,0,0,0b141da7855a3e82fef1a43528a6a381,fc0f7907fafb47cf405465f254d3f037
KAC QDSS NT-4 Black 5.56x45 silencer,0,0,0,f9f5539ebced50c1797a10c594eac851,f4d641e0268c500647f7a6a0bee88104
KAC QDSS NT-4 FDE 5.56x45 silencer,0,0,0,ecd0bc10cccf5af11f8d15e226a5a9cc,a6f975f496dcc23c73240495ed6eb969
KRISS Vector 9x19 Flash hider,0,0,0,68ccb04ffaf21b9a067394a544027186,26e2bedf3b3607e5a7b266dae3b961ad
Kriss Vector .45 ACP Flash hider,0,0,0,0b73cc46c83a927404a5e265ef3dbe48,fe110f546d3fc27562daab108af6f394
Kriss Vector .45 ACP thread protection cap,0,0,0,No hash,e50699a7bdd69810011af48ed89a64b7
"Lantac ""Blast mitigation device"" 7.62x51",0,0,0,93fe084557125262b67128f11bc2b0c2,eaf786cca25bde4452478cf1f396681b
Lantac Dragon 7.62x39 muzzle brake & compensator for AK,0,0,0,No hash,98dbcb41a7c8be1052224b4842b197a7
Lantac Dragon 7.62x51 muzzle brake,"60,269","60,269","12,768",f58d42a5d5fc2e128059eb76ea5ce79b,fa28fa967ca6e90e4ba24b3f9e613fed
Lone Wolf Compensator 9 9x19,0,0,0,51bd826ed3f9816c1f2a3e1537d9c2d2,605b87805ef1e819d90bf5122134a38d
M700 thread protection cap,0,0,0,No hash,No hash
M700 thread protection cap,0,0,0,No hash,No hash
M9A3 thread protection cap,"5,473","5,473",168,d8e98eecec4d88cfcbd019cee8c3784e,c833b407cc4b67b95645a78520fe3a2e
ME Cylinder muzzle adapter 12 ga,0,0,0,4ff1b99b07182166fc7d8298a717c96f,fb1ed929e9e72161f8dc8e47ce9c4799
MP5SD 9x19 silencer,0,0,0,86cf82a65fa5461050b84af4c9ea227c,53f7080910d4d9ad731d8f3ac16b4c29
MPX-SD 9x19 Integrated silencer,0,0,0,6329d56d95576cda015d9b853d74bbf7,11979decd1e77955da53a1989acc44bd
Makeshift 7.62x25 TT silencer,0,0,0,76704d8e0211aacb1eefae53e9c6a22b,f0efaf07382154b924084275e6d9c5d2
Molot 7.62x39 Vepr KM / VPO-136 muzzle brake & compensator,0,0,0,b21a60d45c9dcbbe645b3eec880479db,4733f40e3db94d4ad0c6177009791d0e
Muzzle brake Keeno Arms SHREWD 7.62x51 for AR-10,0,0,0,57a8b5357065e724813d8be8f4fe7f84,c2401b76327b0d29fe39a127608b4dd5
Muzzle brake Odin Works Atlas-7 7.62x51 for AR-10,0,0,0,6069f5bd68e6e15f4c02a32e8337f1a5,d6fa2c8b311eefd7aa948b5148307f5b
Muzzle brake Precision Armament M-11 7.62x51 for AR-10,0,0,0,090b3ce43eebb3a296d05e5888584095,ee2d700ec45bf8eac746ce8dcda6aa15
Muzzle brake Vendetta precision VP-09 5.56x45,0,0,0,f2eddf191be58b52c212ef88422c7b02,5da0e0a5e94e5cbd8b259def5c0da278
National Match 7.62x51 muzzle brake & compensator for M1A,0,0,0,c12d63267395cd341e4c58a7f517d7e7,37c1cfc7526dbb55e8d58dcdc9597ab1
Nordic Corvette 5.56x45 compensator for AR-15,0,0,0,b50e53b13fe063299b39a7479869f13d,2f2fce4b37bb074b70fbc5159847c0a2
Nordic Corvette 7.62x51 muzzle brake for AR-10,0,0,0,35c7c57d4d54159abf4ae2917f2ffc52,5fdfce90d1c6506f1bd4f2ecb87afcc2
Noveske KX3 5.56x45 flash hider,"7,236","7,236","4,053",0c739ff80166d4479b3e44a41af0a7b9,652a915fffb8b1453d77557dd911fd0b
Orsis T-5000M muzzle brake,0,0,0,457502a8103ae1ab08bc79ab97edf438,816d34dd48f9a72af3c646f81186b799
P226 thread protection cap,400,400,224,225c5be60855408192c7ac53b4ed42f2,76f8cb19bfd352be4fa71863c0d35436
PBS-1 7.62x39 silencer,0,0,0,f8bf2b74c630a888c847926503afa07f,61ea97f316add20a3067fd05a9c7c113
PBS-4 5.45x39 Silencer,0,0,0,2a906db9419240575d94258c38632d12,a90536cfc037e854446698e8fde0016a
PM-Laser DTK-TT muzzle brake for TT pistol,0,0,0,7f6957993b64eba07c780fb1039f386f,6c4100a7bebd1743b7be7c0c7e9f880f
PP-91-01 Kedr-B 9x18PM suppressor,0,0,0,12d841b14d36c599ceb0f8ecfb447503,72367a648bf05ffa4841f1ee0e43e244
PP-91-01 Kedr-B muzzle thread piece,"6,561","6,561","2,862",cf6bb11810bb977ea1b321bdc0fe8185,b250b23baaea52025ecdeb03b5bcb524
PWS CQB 5.56 x 45 Muzzle brake,0,0,0,f5ac347cba9e2b546ed019c65dbdb7bf,f87cda49e661a613a62c20f387395962
PWS CQB 74 5.45x39 Muzzle brake,0,0,0,c10cd3fe7460f0bc501dae3b540164fe,f971fb1259165ce1e1368476d2c34d37
Phantom 7.62x51 muzzle brake & compensator for M14,0,0,0,f99d1bf818c5abc491b0c134790594b4,4351ae2d1acadb57b5cefcea39df1000
Piston Mount adapter for Silencerco Omega 45k,0,0,0,8b3a84fb4a7094d11065abeb57c901fa,c1dd952dbd2adbd466cc37eadec69393
RFB Thread spacer,0,0,0,d38bffa17ed79ed95e5748388429ad28,b5078aee12e80f87c87f4d46c2ab50c1
RFB thread protection cap,"10,611","10,611",224,a730c3e081fe1804479b552d6251dc4b,d6cc0505370d5ffc2783ac28094a7683
Regular RFB 7.62x51 Flash hider,0,0,0,931cec0a2dee308deeee551c888e0f9d,1e842d09a7b7af0d0d1080c0d30308b6
Regular SV-98 7.62x54 silencer,0,0,0,11a476c4cb0a675252df8e2e51c5c133,6e6e6b36412e614d2417394beb78d3f8
Remington Tactical Choke 12ga,"10,545","10,545","1,558",c12366d0e75ad542c11c06b0af050c96,c12366d0e75ad542c11c06b0af050c96
Rotor 43 .366TKM muzzle brake,"22,901","11,451","14,016",f33b4fa94192012dcf895730aee3c2dd,bcec0e51eb8a7ef6812fea9d4cf70168
Rotor 43 5.56x45 muzzle brake,"45,46","22,73","24,06",6f7dbcbba1045bb90ff552b1a7b391f6,8df357dc8d4c067d56604dbbfe47c483
Rotor 43 7.62x39 muzzle brake,"28,873","14,437","24,696",39110e17944d871764d4cbcd7515108c,d2ebb88a6feac6786d6b7a794db59ddb
Rotor 43 7.62x51 muzzle brake for VPO-101,0,0,0,7af064dde906e8ef730662f80e20fcb4,3d113aa25fc2126f0ddf00057b07ec0f
Rotor 43 7.62x54 muzzle brake,0,0,0,56e0fc2267118732f290b1d851330fd4,fa4f424c98b32cd1a98ace25fd44f893
Rotor 43 9x19 muzzle brake,"13,527","6,764","12,204",b1d355fbe3948288dd579a8edeea16c5,d99f1d606bf6d0dd3170ee5347eb7468
Rotor 43 thread adapter for SVD-S,0,0,0,a8b70736d0ecb61210c382b7d98171cd,63a71bb94b3c394defac9c1107f899f9
SAI Jail Break 5.56x45 for AR-15,0,0,0,4b12bcbba1fe60785fdc458bb59645a1,2e6f259b110b9f6f5ddb451cfe11dab3
SIG Taper-LOK Muzzle Adapter,0,0,0,41ade7f6202bef23ce023736ac3300af,2b11b38a5cb5d5be494482817e01956d
SIG Two Port brake muzzle brake 7.62x51,0,0,0,d07b678b2b38e97b1d28c88df7fbd7cd,59dba1bbb07a8b4af27729a15747c093
SIG micro brake muzzle brake 7.62x51,0,0,0,ab464e2aabccece772dcd0445c6a6da7,999a5f1f6eb0dff235dbc0643caabecf
SOK-12 Protection tube,0,0,0,eeff76ed20a9fb28a050ab10d44892c0,8b4ad6bf6d0380d00a42f8a996724a7d
SR1MP silencer 9x21,0,0,0,0deea27413ed9eaec24ee5ebd5879ac5,b72a0469a8e19a4247192c13aa2cfe43
"SRVV ""Mk.2.0"" compensator 7.62x54 for SV-98",0,0,0,829d7ad0d9997e09dc92037b6fb21b45,7288b26618f83a3529ab8af8843542d9
SRVV 5.45x39 AK-74 muzzle brake,0,0,0,No hash,e8fbf412f08ef2bde5b5bb07bc787adc
SRVV 7.62x39 AK muzzle brake & compensator,0,0,0,No hash,62d07377b71b6290d592e6916a792217
SV-98 muzzle device,"8,484","8,484",838,No hash,409157351cc0e6a649b9a2d22d4e2736
Sig SRD 9 9x19mm sound suppressor,0,0,0,a3946e4678033e9f8d15a68325fdfb51,bc6de49b3d680138f4bf6c9889d55bbb
"Sig-Sauer ""SRD"" 7.62x51 Sound Suppressor",0,0,0,018de768a5f6fd268ff7c7ce1e16aac7,2c251835c0346e81cd84b784837bd481
Sig-Sauer SRD QD 7.62x51 Sound Suppressor,0,0,0,3ae53b4573f5d309f78d84815772bec8,2c251835c0346e81cd84b784837bd481
Silencer APB 9x18PM,0,0,0,c36ba59054e4ba7008e2a2096942c08d,969d32cce2ba5d92e090d2054293f998
SilencerCo AC-858 ASR .338 LM Muzzle brake,0,0,0,7195a284b4cbbbb9c885fc205de49131,6ff13baaa2dddf4016b1b912699555ad
SilencerCo Omega 45k .45 ACP sound suppressor,"39,346","19,673","21,136",c26b74c525db34ef80ff9ad0822bde82,40161339d278324fd159f7b161f880ed
SilencerCo Osprey 9 9x19mm sound suppressor,0,0,0,0772a59c6204b71f056652eaa6cc3342,3f16bca2698703089a735370521e13d1
SilencerCo Salvo 12 sound suppressor,0,0,0,aeaf09f8ba8788348381bfb556ad9efb,687a82edea689a0ee2b9c013d42dc88e
SilencerCo Salvo 12 thread adapter,"6,611","6,611",448,64a3a0399fd5f0f2439101e4f0479488,5263626df3565cb1c31cac3492a9b0bc
SilencerCo choke adapter for 12ga shotguns,0,0,0,51037fd7bc3aed025112e1eb9fa8a07d,92bbc08d987f11d446f4e5f55bc7c0f1
Silencerco Hybrid 46 multi-caliber silencer,0,0,0,bd135e36ba6e2fb3b81ce32567750916,759370a517c00a07bbb12cf0087d6959
Socom 16 7.62x51 muzzle brake & compensator for M1A,0,0,0,3aca9fe3ef810e4f24567ee23841abc0,f018adee2c11412d55ddfb41e0bc7872
Socom 16 7.62x51 muzzle brake & compensator for M1A,0,0,0,3aca9fe3ef810e4f24567ee23841abc0,f018adee2c11412d55ddfb41e0bc7872
Spike tactical dynacomp 7.62x39 muzzle brake & compensator for AK,0,0,0,e57547cc80807c934bb8dddd410c296a,9bbd42aebea1ec9f7fa879492fb3bee4
Stock silencer for PB 9x18 PM,0,0,0,176d6f1f06e2445f3e578aa013fdf5a4,737660357463f7e25e82edac12bddf2b
Strike Industries G4 slide compensator 9x19,0,0,0,c36fd20cdf49dc3c0ac112410804c8af,629dd528810dd1b20a8e6151876a2ef9
Surefire FH556RC 5.56x45 Flash hider for AR-15,0,0,0,74144d8610b803544d6a29657d1a419e,e9556299e100ee83ad3ca39bfd6ed093
Surefire SF3P 5.56x45 Flash hider for AR-15,0,0,0,2ce30e169eec2647a3cfa2e1f46ed368,27e105f8b4030af66257ecb425551497
Surefire SOCOM556-MINI MONSTER 5.56x45 Silencer,0,0,0,5f47c1a411d11abc6ec28708f52a49b6,bb6c709be24e9110e7dd1b620a6691e6
Surefire SOCOM556-MONSTER 5.56x45 silencer,0,0,0,6402a64f2ba88883d1be86ff656f5c5a,566ffd90050ff993055cb42d8fba7af0
Surefire SOCOM556-RC2 5.56x45 silencer,0,0,0,f46ea735bf90eac4a9af1932e8c64e28,f4e3b1e2e1d4852f605b83c65ecfc93a
Surefire WarComp 5.56x45 Flash hider for AR-15,0,0,0,fae6cce2bb4544afac5f0c202f2c7e0d,c192284e0d23f5e101c60e8ea0b3eecd
TGP-A 5.45x39 muzzle device/suppressor,0,0,0,bdc4a5ac2532431595f43619e96fe578,51ff0473640184abf5e017f0e04f98dc
TJ Custom 9x19 Compensator,0,0,0,17bdcd9a66a3cd9675a3d4a83466359f,a9b60d55ba37789dae484df48e2c454d
TROY Claymore 5.56x45 muzzle brake for AR-15,0,0,0,36ee0ec6e99bab26660099aa1059ec6a,023e973ca4cd9ea9fb23d717248eb73e
Tacfire Tanker style muzzle brake for Mosin rifle,0,0,0,7a625cc9734909ee8ce617e87e92ae19,08324f2642d8d84b59dc15df7fbca39e
Taktika Tula AK and AKM adapter,0,0,0,52194d118dae8955f040f0ae4585acf5,fbce090d062b3500b42fa699bb168832
Texas Precision Products muzzle brake for Mosin rifle,0,0,0,74805ff9e6f6cab3008b15d929c91d83,fa38929071e98577995c06292548afaf
Thread adapter 7.62x54 for SV-98,0,0,0,5b93e219fa421d50d5dc811755c4662c,1b7bf8fcbb8b782616c23ed5cc211d5d
Thread protection for AKM/VPO-209,0,0,0,fcd5a5fb13a86370054ede785f6ea0a3,0b20a8f5e05473bb354e3c2f292a3c64
Thread protector for Alpha Wolf Glock barrels,0,0,0,0a7f21696ffdb65ba08b7295f07fd6b6,a866c60127e2b6e8feea93cb38551feb
Thunder Beast 223CB Muzzle brake 5.56x45,0,0,0,69436ea41b017c0c8c78845fbbed4b7e,638073301650d907ce1a45be94acd38a
Thunder Beast 30CB Muzzle Brake 7.62x51,0,0,0,No hash,8cc77b8e1f2bd9143b0f694676c30ce8
Thunder Beast Ultra 5 Sound Suppressor,0,0,0,65e145d7deccf8a04a6c98e0ca7a2b28,3672c016a5feea5d76ccd0ae9f96f8fd
Tiger Rock Mosin rifle tread adapter,0,0,0,a0647b003fa536064268adb73d237ba9,25f3451ac502bb9f230848aea258e919
Tromix Monster Claw 12ga muzzle brake,"34,589","34,589","4,927",c7fd577f653afb66e292b1e79e04db12,a9f920ed650750e7673d80641572c9f9
VPO-215 thread protection cap,0,0,0,No hash,No hash
VSS 9x39 integral barrel-suppressor,"18,468","9,234","12,604",371b6126750c02972c84efb6577d7277,b6b4261d05b1bd3659862272e0823428
Vector 9x19 thread protection cap,0,0,0,6e212efa38c89f96f9a92db5379f067a,72119e155449f395bd5f13c4a7ab066d
Venom Antidote muzzle brake & compensator for AK,0,0,0,No hash,56c968e5f0ebd5c7f11f98a4be7ae08a
Vityaz 9x19 sound suppressing device,0,0,0,b20df7e6baf42c2e1beb07e788bbd497,ff7d6181b56a1f7cbe075f91d6b7e6cf
Vortex DC 7.62x51 muzzle brake & compensator for M14,0,0,0,0a5389181993f6f983f7560cb7a96ece,a3057e072a03dc586b9f78b54c9c71b8
Weapon Tuning Mosin rifle tread adapter,0,0,0,aaf47f0aa73afe0284727433c68c685c,41ca24c5985abaaada082f8a3987606a
Weapon Tuning SKS tread adapter,0,0,0,c6a41840794e78c89c160f5e74c04ae1,f5ee73c7dc1fb6e86e7bf807f1efacfc
Witt Machine muzzle brake for Mosin rifle,0,0,0,5b92af67f1bf626d49da8daa305b929d,dc6fc337ca270721661008802ca7f498
Zenit DTK-1 7.62x39 & 5.45x39 muzzle brake & compensator for AK,0,0,0,8e3d7d6c195b82a8864285cf5fc59886,dd09697381ebdf5d43fe1772119afb64
Zenit DTK-4M muzzle brake,0,0,0,No hash,fa33c8fa5d75add35358c2adc170874a
APS bakelite side-pieces,"9,071","9,071",562,62f06627996625189979bb4f5f43ab9d,eaa00777d24649c17dafdcde4dc19f93
AS VAL Pistol grip,0,0,0,2c377f5fcea3fbaa6dbd732946b68fe2,45044df8b59a16ad9592d9f61b1e4863
AS VAL Pistol grip-buffer tube,0,0,0,59e38f92c82c7e23741878bf7cce12a5,9bb30abbb47048706909712106748d6d
Aeroknox scorpius pistol grip for AK,0,0,0,09c0a30522d8b2285621bb6deb3f12eb,15249037e197c7d840b50769c864f0dc
Axelson Tacical MK.25 pistol grip for P226,0,0,0,295cd9e41cfaecb4c01d717bae84944d,299d20c57aa0d87d1e2c50d62386e3cb
Black polymer Sig Sauer pistol grip for P226,0,0,0,8609eacd15aab390b93406a36c3f7a30,No hash
Colt A2 AR-15 pistol grip,0,0,0,13bca32c65e68e33b1ff7e08919ce30a,480d7e17e12695ba404ad97df642a095
DI ECS FDE pistol grip for AR-15 based systems,0,0,0,ea9cd49e3b61e1a5392f4248ff082fa2,d19544c10310f64fea6b102772ff0844
Desert Tech pistol grip for MDR,0,0,0,7195a284b4cbbbb9c885fc205de49131,58ae6511cf4c5992900d98686fd42d47
Desert Tech pistol grip for MDR Black,0,0,0,b0fa58ea4f30ef5037c15eab6a4dc332,58ae6511cf4c5992900d98686fd42d47
Emperor scorpion Sig Sauer pistol grip for P226,0,0,0,No hash,No hash
Fab AG FAL pistol grip for SA-58,0,0,0,67cf03faaf9b1450b2ff2a0a0a925200,762644171998c2fdf2054f1fd7a150c3
Fab Defence AG-58 pistol grip for VZ-58,0,0,0,0aec2ee4d3554813e5fc5801083dceca,4e162a779b6318b71af01483ac144c3f
Fab Defence AGR-870 pistol grip for Remington-870,0,0,0,387e7b69651853191159bb37b0c80c26,5ab3430a126c81897d8ba2b44bb82e7f
Fancy TT side grips,0,0,0,eb2949ada8b86a0e5cbf3d2dc213b987,d88fd58dafc9ffaadb285a2d5c9f8a3c
"HK ""Battle Grip"" pistol grip for AR-15 based systems",0,0,0,a52e4b9dac191424f4238f2e0388753a,e58140bdc04e12b3d9e96fc562268938
HK Battle Grip with Beavertail pistol grip for AR-15 based systems,0,0,0,7195a284b4cbbbb9c885fc205de49131,3bcde45e833a8915c82d8517a6eb2cba
HK Ergo PSG-1 style pistol grip for AR-15 based systems,0,0,0,61324f5cd0482fd11cb82e3566025e4e,8fbf4b09fb8324aacd9a65fcfcbabf99
HK Grip V.2 pistol grip for AR-15 based systems,0,0,0,9c8050f6963fbdd6ddb90f26eef41435,e60f8f12906f51ef1bff235ed448dac5
Hera Arms HG-15 pistol grip for AR-15 based systems,0,0,0,b53b3ff8b93d6ff3600a51f12a230eed,b70149874498630179800c60ad1132da
Hogue Chain link pistol grip for P226,0,0,0,866bc00effc89e7ad6a778dd6a89ce8e,5349a19faa32496308113c65b913bb79
Hogue OverMolded Rubber Grip Black,"11,662","11,662","2,016",79bb473c1eb66d1498aaf2b1f5c9a2c9,b1cef49cbcd0f2d5ecdfaa3780db82df
Hogue OverMolded Rubber Grip FDE,"12,282","12,282","2,016",f5b8b48e88d39b6e09dffdf2c07d245e,8c560c169f04ac554404536e31060a48
Hogue OverMolded Rubber Grip Ghillie Earth,"8,118","8,118","2,016",e4183bd23f0e229539cffe634a77ddff,8d76231974a60a55f7bc4a67bca1547e
Hogue OverMolded Rubber Grip Ghillie Green,"7,678","7,678","2,016",1be3522ed4c50922da9069ec86eb1bb8,816fce16402f1020ba3d4c970b3de9b9
Hogue OverMolded Rubber Grip OD Green,0,0,0,5a0679fdc135c09d3e8fc801f13fc247,360c36dbd29af9291c96c2c3b88e2dce
Hogue like TT rubber grips,0,0,0,732cda0696f0c8bdf9118f32d019e5ea,7bc25604b3d5f9088dafffdb5d731375
Izhmash AK bakelite pistol grip (6P4 Sb.8V),0,0,0,460f7e0b8df922216e3deddafdc8a21d,a0f043f81f085ced719859c785fc3e00
Izhmash AK polymer pistol grip (6P1 Sb.8),0,0,0,0cce36760cff6362880657dcdb3a0cdf,3188e66e9b8deb59cafb87cac65ec49e
Izhmash AK-12 regular pistol grip,0,0,0,3c18aae45b325514311aa6cea549e3ad,ae4f9d7f4710ec85348e8bdcdf0fe59d
Izhmash AK-74 Textolite pistol grip (6P4 Sb.9),0,0,0,14a7dff5c2420f549619e84e60c876ee,4f584d07b1499d2fe74a509fad15cf77
Izhmash AKM bakelite pistol grip,0,0,0,87b45ef08ddf1f6b0ee3c218bdb589ab,3258c30ffd4d6cba9ed432fc048890ae
Izhmash SVDS pistol grip,0,0,0,f7a0d91dd3ac648513578a8e049e99c3,0c26fdcf294bb6db2f7bcbc3c446e434
KGB MG-47 pistol grip for AK,0,0,0,8ebf7eeef943c427c28fb784f8b00bd3,e7032196606ac7c6484a8a6d418e1197
KGB MG-47 pistol grip for AK red,0,0,0,d5584916dbf6e4d4a4fad532fb1ebc80,e7032196606ac7c6484a8a6d418e1197
M14ALCS(MOD. 0) pistol grip for M14,0,0,0,3725086714cd800e7feea91900efc074,9eb156d2aa2ec6b36318e84b6808bfec
MIAD Pistol grip for AR-15 based systems,0,0,0,454c2a44600cd1487d0e967f441a6c91,50d251ed42b4ddf2e1ab55d82cd0c57f
Magpul MOE AR-15 pistol grip,0,0,0,ed4fe7c3f328a49d26d92d69761d2397,4da4e33e227024ca3b5542079e4d6624
Magpul MOE AR-15 pistol grip (FDE),0,0,0,c170785268ce51cf5ddd77709f812bc5,81d386d9e6b798d337f750deb77c65eb
Magpul MOE pistol grip for AK,0,0,0,ac8be041252381b776701c771dcc323a,f7b4e7e5468f4dfda3855dc78d2ceb38
Magpul Pistol Grip for Pro 700 Kit,0,0,0,f6cdf815dd84c77fd6379f32119e874a,8215a301e5cda4a6be6838445f71545b
Molot AK bakelite pistol grip,0,0,0,da780c5e586c4f4b07cde5e5f95d8bc7,8952bab552e16556d3b30dd244580b76
Naroh Arms GRAL-S Pistol grip for AR-15-compatible weapons,0,0,0,7fe8ab688f8a8a1809b5045006793ef7,5e2f7cb59f5bb2a355c789e1c06fc59b
Orsis T-5000 Pistol Grip,0,0,0,9a0011efddaefc197d374564d748ae1a,a6f9e93257bba9e298bcc5bafb9724d5
PM-Laser TT-206 side grips with LAM,0,0,0,85158789cf0f25d4dd0b65a1c324104b,2cff113cf5e723e98fc9220cbfdb64a3
PP-19-01 Izhmash pistol grip,0,0,0,04aedb1fbc05b1c32f21cc77da8d2c1f,49fd69d516d162bb6d556e2dc85b007d
"Pachmayr ""American legend grip #423 for M1911A1",0,0,0,df4a605802ff4fa32d0f0694a59ae4f0,1483909f1a26a3d7706dbe67609832de
Pachmayr tactical rubber grip,0,0,0,7768bb8ac855c0bc8ab3139466d0ca8a,5cca8412739d9b96b2c782428ea62ddc
Pistol grip SIG MPX,0,0,0,1ca64ce1af5101f2e0b643243643298b,9cae90c10235e611bd77da42229fe399
Polymer Izhmekh pistol grip for MP-443,0,0,0,5bdc239360e1dddb031a9435ebdc2687,64de047d5f4408aeb077fcf67dd53183
Polymer pistol grip for KS-23M,0,0,0,8ec61ca640f1719f8b9f91236677a086,554d5b8754cc882a2283d18718750cf0
Polymer pistol grip for M9A3,0,0,0,63296e29a59b3028b300c0985150999a,2a80f3a58e1e7277b0dec538a9efc7e9
Razor Arms TT rubber grips,0,0,0,259e8f1cfa764947a6f52f7a18043381,47ad09ac0e8416ef49479811266e60d5
"Regular ""DS Arms"" pistol grip for SA-58",0,0,0,08d725dd1632373ef281d972981d8316,b771fcb840f73d6e4b5df1dc8d6ec91e
Rubber with finger grooves pistol grip for P226,0,0,0,d28ae391e6565a5092e60c96d87d6fce,c2c664388df293cff318254cb5014a0c
SI Enhanced pistol grip for AK,0,0,0,c5c322e5445882a16ac1560e1569b49d,66f09dc08c3845cd9db11f69c9604ad4
SI Enhanced pistol grip for AK FDE,0,0,0,447055af366bdcc41f64944c4e4bdf8e,66f09dc08c3845cd9db11f69c9604ad4
SIG MCX pistol grip,0,0,0,47167588db6c5c82ea2278c72b2aac01,8290181e9eb76105adf2edfecfaaedb0
Sig Sauer FDE pistol grip for P226 (Combat),0,0,0,d82d166dc34598b5c745fd33a56c8637,cb34b3e6c6e82ba5cd8e1629416a4e5a
Skeletonized AR-15 pistol grip,0,0,0,ed670887a24c7a5d3c531242e2e8aa58,No hash
Standard TT side grips,0,0,0,d299ee2a98f277cbe1f7117def8519a6,5386e0247cb830009157a904c244f00e
Standart polymerpistol grip for M1911A1,0,0,0,dc4360fb727b2b9eab5848fa520d34e2,f22e2ae93ea612a58a8709d447c6d203
Standart polymerpistol grip for M45A1,0,0,0,No hash,No hash
Stark AR Rifle Grip (FDE) for AR-15-compatible weapons,0,0,0,fa90b500f13284cae49d13caf43dff7a,c7dc1b13618271eaf1a8e43e4a8df295
Stark AR Rifle Grip (black) for AR-15-compatible weapons,0,0,0,dcea3fb0e7e26fb53f530ccd95370233,9989dde36285fde04631a8c5406ee2ae
TAPCO SAW-Style FDE pistol grip for AK,0,0,0,7cd5e96a84ad7629621f51f0d4eac376,e1e6f00d296062fa15866d969cbb31f5
TAPCO SAW-Style black pistol grip for AK,0,0,0,f263c6eed9f97a78c80e8bc03be590e9,56aafd9ca0c50aaba0504925a51f4285
TAPCO SAW-Style black pistol grip for SA-58,0,0,0,8c2db71e715deac423944228dcdc0b74,65310e1e7c7ffffbf7cbd617a3f7302d
TAPCO SAW-Style pistol grip for SKS INTRAFUSE Kit,0,0,0,7195a284b4cbbbb9c885fc205de49131,16e812266425cf95080e20ee963dd178
TOZ 002 pistol grip for TOZ-106,0,0,0,7d1513b643f22b250cb6067542730b29,33bbf9e1291ec149b3cd14ab7fb65230
TSNIITOCHMASH bakelite PB side grips,0,0,0,13268be4b7547c644a54dba32d33e5d5,4ad588127a27ec834e8eee35b1c4761a
Tacfire pistol grip for Mosin rifle,0,0,0,42a829f194bacd15dbe91196424c82b7,97d9f7a12c410056fc71fbbca95bc9ec
US Palm pistol grip for AK,0,0,0,cf28f47d7090a33a2434718cafaf1ca2,996be6155b8f264497917167f14965ee
Wooden Izhmash AKM pistol grip for AK,0,0,0,18fa1b2bc51ecd8f47de4056328890d2,07a47c0edd1130535a5c018ea94246fe
Wooden Sig Sauer Elite pistol grip for P226,0,0,0,717bb0fd5a22b902dec814bf590d70f0,d36cd06488e3f3e72ca7ff8473a70b01
ZMZ Polymer pistol grip for PP-91,0,0,0,9939f6e6cd666369df60bd3edeee465b,298b305482b879d8fe361625d4309d4c
Zenit RK-3 AK pistol grip,0,0,0,c1e1cf2df7018081a0cbed0463d78ae2,fc68cc46c6746b9f079dbf3eb79fad7c
AKS-74U Dust cover (6P26 Sb.7),0,0,0,7c4d8d486785b86222678fa8f247741c,4ca786bb53a01d446301889b080a557a
AKademia Bastion dust cover for AK,0,0,0,5892e40d6f02c87dd4c01b265d1956a7,2ebc6e05f73d3c150b923ac6f5c81380
AS VAL Dust cover,0,0,0,40e077874efd8e815534096556644f7f,357b61575a2df68badf289b6d2006b05
Custom SVDS dust cover,0,0,0,a68b41279cd6979f23ac31a73f631e6d,No hash
DS Arms Extreme Duty dust cover for SA58,0,0,0,5672bc190abd062f50239becd8cc030a,46a9a04b5827701b9968cf4250c803a0
FN EFFEN 90 Upper receiver for P90,0,0,0,9b6e694aba1a13aa87027417dbfdd68c,5dff1aed8f14010e82a448a7571de44c
FN Upper receiver for P90,0,0,0,90e6f730027542d2499814c7005607e6,5dff1aed8f14010e82a448a7571de44c
FN Upper receiver for PS90,0,0,0,923616b13175737463427b1fa6b90803,b0f10d7dc12fa9c806950900e03442f9
Fab Defence PDC dust cover for AK-74,0,0,0,22317f0d7e4ec4eca12da7c3ff362be9,46330efe5b7433d819b5740502613012
Five-seveN MK2 pistol slide,0,0,0,760bee11b59c89e590a7c613f6c3f6ee,e3578f880d72d1601a429bc34f2a66f2
Glock 18C 9x19 slide,0,0,0,No hash,No hash
Glock 9x19 Moto Cut slide,0,0,0,1ba6b3eb2bf7d976fcf3de86cd02aadc,5fda60784ef897a12af029852de984a9
Glock 9x19 Viper Cut slide,0,0,0,78f218a50cf5783f1d457bb9de865c56,4f19f527e3d1d50cb3c5851f5de4ce67
Glock 9x19 slide,0,0,0,7ec2b7af59f7d38155b848d6eb62d888,aef87186e44c722692a7a6d0e1884de8
Glock Alpha Wolf Custom slide,0,0,0,7473ac444f6c3c59c5cdd94f55b7bd2a,f8c9f2203c53a03ca06bebda5e3ad107
Glock Alpha Wolf slide,0,0,0,e787e40ed9d13fcdc5885de9296d9efb,e6719fe627dc4abb010093a7ad61c5fd
Glock Zev Tech Hex Spartan slide,0,0,0,023a2024fdd0ff80b4ac83b052ebaf57,545109bd2f2226b5033039d6fe6ba83e
HK MP5 Kurz Upper receiver,0,0,0,c5a42ae8693cc92f7882e79678d0364e,fe3e74c4697d843a76d8c19122b2c0c5
HK MP5 Upper receiver,0,0,0,5aba14a57106de98e007692e1b350820,9e1782c2b578eef753a09b77e92d3266
HK MP5SD Upper receiver,0,0,0,4cd6f4d6090cb714daa1b7164051d488,4ce5841e84f649411515ece72f482938
IzhMash AKS-74UB Dust cover,0,0,0,9ab2decb2043a5679a89241b82da3217,e7260e12b797e534985132734e1dcfb6
Izhmash AK-74 dust cover (6P1 0-1),0,0,0,224691431555ee8a9c31e944e4df0c56,5153a7c019af8100227951ce38282d54
Izhmash AK-74M dust cover (6P34 0-1),0,0,0,d12845ab4f4668e406b86d50d68a9254,e17a0e9a8e04e27562f1f7caf1dcb6f4
Izhmash AKM dust cover (6P1 0-1),0,0,0,5a224d03d7b1985bad4b32bf673fc4e7,500dec9bf952d7faf2b2913ce230db4c
Izhmash SOK-12 Sb.0-2 dust cover,0,0,0,8d14e1c4679cf21ea51439af00cfb00c,14c4c0aa869d4ad8267d2e3a6f0b6735
Izhmash SVDS dust cover,0,0,0,21d96a7f76f1e05837a33eb8268aa5a3,141f669f89b01a79c3bad1eb9d54d178
Izhmash Vityaz receiver cover,0,0,0,315a2d3666cec16d72283b9f45f5e0b2,f1206ddf0d11cc40729839d47648e0fd
Izhmash Vityaz-SN receiver cover,0,0,0,fa37dea02ffa0126524b8545b0ad5f2f,f1206ddf0d11cc40729839d47648e0fd
Izhmash regular dust cover for RPK-16,0,0,0,e1891d58ba5ebcb285b033946328793b,d4104fa1238f0962a9b6fddf72206ec3
Lightweight upper 5.56x45 for TX15 rifle,0,0,0,883af1508962c52c5ffb0f9536dd5fec,f6e24f27080e500cd189b4c5cdb6798b
M1911A1 .45 ACP slide,0,0,0,d676a49a788b7343dc776cec7265ee3b,1428fc6e3a1c218c6dd9259ab6e282fd
M45A1 .45 ACP slide,"133,337","66,669","2,856",No hash,No hash
M9A3 9x19 pistol slide,"5,5","2,75","1,316",2d3cfedf1067b15729b451003aca05a1,6dfbb298b1de0c56633b7bc1383472ed
Molot AKM type dust cover,"10,95","5,475",559,d9b310518929dface380a081b9c93687,a93bbf38c1246c04d0f90d1e72e53137
Molot VPO-101 dust cover,0,0,0,c0163a72f34f6d2021c7763210981fc8,No hash
Noveske Gen.3 5.56x45 Upper receiver for AR systems,0,0,0,680de17c58f87136b5d10a54af4ff013,ba4d26e2c65b38f617a591255380340d
P226 Axelson tactical Mk.25 pistol slide,0,0,0,f09e820aef302ea29936eb16f5e698f9,15d9ea563b5695a9a9991251812d964b
P226 Sig Emperor scorpion pistol slide,0,0,0,1066151c6a95d7896a22368365647cb3,b8c52466dd922cd5b97224f914353b8e
P226 Sig Legion full size pistol slide,0,0,0,343c4379c857d1a777879c0806155259,85b3c79d504e91f67b2e55644de8182f
P226 Sig Stainless elite pistol slide,0,0,0,669bfd8071b5eaa3db1d946b9e159af2,9426881483a0c8c1a94a478921cd99fe
PPSH-41 dust cover,0,0,0,f87e5e7046b5b4a5e617e206f43df12f,00dff5e190c299006b5b14a13d7d136e
Polymer80 PS9 Glock slide,0,0,0,No hash,No hash
Regular dust cover for FAL,0,0,0,88028ea3f74b640707dfef688bf030df,f776bcda5450d8d03632904ba70920e3
SIG Sauer P226R 9x19 pistol slide,0,0,0,8ca82f7babae771c5a87fca70c239ad8,5f8139d2a16d5e95ad788b36f71c9a30
Sword Int. Mk-18 mod 1 Upper receiver,0,0,0,cc03c12d1c2ccc020916be2a5f3b0cd2,3e586c37cfacab87960c95971e037961
TWS Dog leg rail dust cover for AK,0,0,0,dcf5673a01a154a09a806d149e4714a1,0332cd843305678b0137111c428014d8
Upper receiver ADAR 2-15 5.56x45 for 2-15 assault rifle,0,0,0,30af6e545c95638571b665ecca4b0b2c,15f72c536057c5acf9478b55bc688dff
Upper receiver B&T 9x19 for MP9 SMG,0,0,0,c94e7be1a87026860f50a5b7c7198af2,5dff1aed8f14010e82a448a7571de44c
Upper receiver B&T 9x19 for MP9-N SMG,0,0,0,No hash,5dff1aed8f14010e82a448a7571de44c
Upper receiver Colt M4A1 5.56x45 for M4A1 assault rifle,0,0,0,5d07e88445ab18de57f30a2cb1c2df1f,30a7f87373f51caed1ff7af6ff05b2e0
Upper receiver HK 416A5 5.56x45 for 416A5,0,0,0,e2e6e920d67fdfc4e7e364a8103a78ae,a8b77176ef026939463bdace7cd45797
Upper receiver KAC 7.62x51 for SR-25 rifle,0,0,0,3083c7964e0108851b95bd55f6eec202,78dbe3c2002c14dbeb75e92a338854de
Upper receiver of the first generation SIG MPX,0,0,0,58d71b76829993dac9b2cab07394e378,1a4ac80fadb2bfc8949b4e3f139fb375
Upper receiver of the first generation Sig-Sauer MCX,0,0,0,No hash,No hash
VSS Vintorez dust cover,0,0,0,14c13389d970d16ad139c9033331d1f4,8ca8dfc3d4b9dd901a635ad618ed7e01
Vltor MUR-1S 5.56x45 Upper receiver for AR systems,0,0,0,c4257a5c33b4938710a510a719a4b5ee,13e78fd7cdee0a28924b9c6416bba862
Zenit B-33 dust cover for AK-74,0,0,0,cda8bcef7aa51b97da55ea9f93ea73ac,36da34c1c288374b413c371c2ac4c2d8
Zev Tech Hex Gen3 slide,0,0,0,5a7fe5e1a6071b88f8186905c10e73b3,c8de3f20fa2ca8e2b8c9221f415ee306
AK-105 Standard Rearsight (6P44 Sb.1-30),0,0,0,No hash,No hash
AK-74 Standard Rearsight (6P1 Sb.2),0,0,0,a295e27233763630b43fef9f8f9eed29,2b806961656476a3b23b56083d65086c
AK-74M Standard Rearsight (6P20 Sb.2),0,0,0,59d8fe3663aee93be9b3a1362f35dbe9,a304d9ee0d914773bd8892c3d3ef408b
AKM / VPO-209 Standard Rearsight,0,0,0,1156a12a9fd6a92912869007ce450490,56ddd83ff8563869a7e24751d013329b
AKM Standard Rearsight (6P1 Sb.2-1),0,0,0,51a7f3923cdd781f7648a18d9cdb08f2,abdcb10ef787ab520a3f130223b0a17c
AKMB system rear sight,471,471,264,169d639bc6514881db732766002671cf,4745fb92717fbb27a5031c3636450c22
AKMP system front sight device,"11,413","11,413",263,fb37403280fba3f65a47ef61246f65eb,0daeca23f8605d06277adb7337fb86d3
AKMP system rear sight device,470,470,263,558d8bbe6f1f716ba9331cf05ce2c6a3,1084851c7128b208d1905a308833ceca
APB Rearsight,0,0,0,No hash,No hash
APS Frontsight,0,0,0,2771f63d2da25d998d7a8ad92ddff60c,7e6b57926d3608351af367e5c5b2bd18
APS Rearsight,0,0,0,a4525ad86b07ed36b2be8537daf5d1c3,7e6b57926d3608351af367e5c5b2bd18
AS VAL Standard rear sight,0,0,0,5fac79c559d4fcf120ad53b4f10ecf6a,f368323763209700d070db69c6dbce3b
ASh-12 Folding sight Frontsight,0,0,0,ef35ecb9a7484cf57bd94931f769e096,No hash
Aimpoint COMP M4 reflex sight,0,0,0,3d297caaf88f41efae15b51162a1ea4c,ece84c4d01bcccdb3e2325f79baa6124
Aimpoint Micro T-1 reflex sight,"24,485","24,485","15,873",9b52ae29357873c31785c2015d776aa7,76527580ebd211227951533cc7507758
B&T MP9 Standard Rear-sight,0,0,0,f54ce7420156de40db3e448b8f3bedeb,da49b5fd5466df93ed5657480aabb4b5
Belomo PK-06 reflex sight,0,0,0,c6a626ad04db85aeeab19478358a8bf9,1bddbc3e9c764df70dbbc658e48ec687
Beretta M9A3 Standard Rearsight,0,0,0,No hash,No hash
Burris FastFire 3 Reflex Sight,0,0,0,940ce0aa14c2a6c6e0a1f680de769e1b,3deee0c8875313e328f2a7b3e8b341aa
Burris FullField TAC 30 1-4x24 riflescope,"40,963","20,482","17,622",bfcb64780192db8315c22a82aa0941c6,a012421c259caa316c763602932a0fac
Cobra EKP-8-02 reflex sight,0,0,0,0193eb974984d54ea645930f6183a07b,a266c6682e2e1d643e63e064c8629e9a
Cobra EKP-8-18 reflex sight,0,0,0,3ee78a86a05c278faa30922359896e59,93267e4ce394948b9094676b43e3c9df
Colt A2 Rearsight AR-15,0,0,0,d02733312ece78d1a5b6c21306bfe260,8d0eb911c28cdb3b52642f2a5ce0f297
DS Arms Holland Type Rearsight for SA-58,0,0,0,3df3f53c3c046c8960e6b96d2457c1f3,No hash
Dead Ringer Snake Eye Glock front sight,0,0,0,a10841f17f06bb50fbd5a65899b3cfcd,7a73f30f03a1b6aa8a6493d9a830cc27
Dead Ringer Snake Eye Glock rear sight,0,0,0,6160359314841d32a235a539f701957a,7957ebf6fb9579781a6e30f6d2b241de
ELCAN SpecterDR 1x/4x Scope,"39,793","19,897","18,459",f475e73252bb89d7c1cef8369c84d35f,cede81ccab3db7e47fc15aa729ddd143
ELCAN SpecterDR 1x/4x Scope FDE,0,0,0,9eb84e7bf164254e0f47ce2423ecc475,cede81ccab3db7e47fc15aa729ddd143
EOtech Vudu 1-6 riflescope,0,0,0,4c9ce0d17c15b48e1a2e1b816f196022,94d32766a79cd3e5c44b9437ede2c2f2
Eotech 553 holographic sight,0,0,0,2edd484cb6578ee46bef91c09f0d8efb,785b911e7d5749327f311535904513f7
Eotech EXPS3 holographic sight,0,0,0,04ce372e652346a7f6a09ee16923e38f,No hash
Eotech HHS-1 sight,0,0,0,67fdbf2fc4fb141d5cfc26497c0eb2f2,d3939d21bbc36ad9290a0305108513ff
Eotech HHS-1 sight Tan,0,0,0,4cb5e340b54d38fb8a0b075ecd8921ae,d3939d21bbc36ad9290a0305108513ff
Eotech XPS3-0 holographic sight,0,0,0,317028f1ffa83d7e34261b77df41a4e8,4852b817f3ae4f31539014c89a3a671b
Eotech XPS3-2 holographic sight,0,0,0,919b6654a4f3937024f47327173e3a1a,92de9971d310a402cac9d10e5b5eebd8
FN Ring sight reflex sight,0,0,0,ab4ed8ed4524d855a47c9e198384c3fe,c3dae5a1f1b832d4c4fd862d04160531
Five-seveN MK2 Standard Frontsight,0,0,0,5a4ec0e3e66088a779567be603aee38b,c67e3f833f9de1a788757637a846c66d
Five-seveN Standard Rear-sight,0,0,0,7504f4b5c55a0b27173809961a4f9f65,4f792cb8faf104bc3ffe5aabc7edb1d5
Ghost ring Rear sight for M590,0,0,0,5ee43b18bead0f1dd59cbecd94eee313,3bec2ff75f34722948d7d308e3c7e719
Ghost ring kit M590 Frontsight,0,0,0,df11f60d8074a885c44a683c6e3c9013,d610dda4a4364a60674e210e1689fc9c
Glock Front Sight,0,0,0,No hash,7a73f30f03a1b6aa8a6493d9a830cc27
Glock Rear Sight,0,0,0,692ba3dd14fac97b5940eeff9932db18,a7434a7c4318652df25f530a2f6a0aac
Glock ZEV Tech Rear sight,0,0,0,No hash,No hash
Glock ZEV Tech front sight,"1,3","1,3",728,No hash,No hash
HK 416A5 Flip Up Rearsight,0,0,0,d99914564ffec877afddc5353bab0b0d,3868c989495e45277858136f3691da6e
HK MP5 Drum Rearsight,0,0,0,aaa4f7fca99485b7fe08a0c8716fbf50,650486d8c1acdab8ecb9ee5dfcd2da60
Hensoldt FF 4-16x56 scope,"30,575","15,288","31,239",a11008139795d7bc6bf6edf824a01839,6f540a2a1aa0182d406bdb0d7eb5f615
Holosun HS401G5 reflex sight,"8,83","8,83","8,342",a2a131ff636cba7affbbf17e32271386,48242b4a76d88202d41156cf7748f018
IzhMash SOK-12 rear sight,0,0,0,No hash,No hash
Izhmash Rearsight base for RPK-16,0,0,0,0e4ed0cc75429f1be65e9edc8eccaea3,02d2f37f42750be05f6f3e4b681bd581
Izhmash Rearsight for RPK-16,0,0,0,648a9b9d4651a0a454dc915f4faa353a,d41fab774c73fa1b58d96ffd345884f9
Izhmash SV-98 Rearsight,0,0,0,a8e75fcb49182b43a4ba67a16b4ea576,No hash
Izhmash rear sight fro PP-19-01,0,0,0,No hash,No hash
KAC Folding micro sight Frontsight,0,0,0,55120145297e592ecf704323b8583f7b,63409f0dabeb12e6d81243f2bd455f10
KAC Folding micro sight Rear,0,0,0,196c5310ee59378c96a37e8225f27caa,a75abab25aab06e59f3d0e8e7d828907
KAC Folding sight Frontsight,0,0,0,5e13dddb5daf6211703b667ed8852d56,63409f0dabeb12e6d81243f2bd455f10
KAC Folding sight Rear,0,0,0,3227b65c5c1e72527cb434016f1bd551,a75abab25aab06e59f3d0e8e7d828907
KMZ 1P59 3-10x riflescope,"12,578","6,289","12,432",cf7ebcc3731f15347995309ff52955ab,e9c8daffcd9de32be5f3da042b2d0a0f
KMZ 1P69 3-10x riflescope,"14,686","7,343","14,112",da41bdbb43fcbcdba7f995820b1ce44c,e1fba72ca77a5c0de2cdf97dfe853a23
KRISS Defiance Low Profile Flip-Up rear sight,0,0,0,6f9deb99f517c273d52d434bc3a8acf0,8c0db4644a05cdb5722977af19483ba7
"Kriss ""Defiance Low Profile Flip Up"" Frontsight",0,0,0,d36053a904143f131bda1873971f8062,cc2dd2b267ff82484fe5ebf1efe41ce2
Leupold DeltaPoint Reflex Sight,"26,857","26,857","10,168",ee16781b930c2f1e92ddfd817fd8bf6e,7bed99695beae8a6fdadb996de005ec5
Leupold Mark 4 HAMR 4x24mm DeltaPoint hybrid assault scope,"38,69","19,345","24,025",7195a284b4cbbbb9c885fc205de49131,861eff0a10fbc841b083e9a945399572
Leupold Mark 4 LR 6.5-20x50 riflescope,"34,698","17,349","32,805",1f989dee26e4f1a05ac43654c6f8805f,9565f278519511479c685a9e03e794a5
M14 Enlarged Military Aperture Rearsight,0,0,0,7195a284b4cbbbb9c885fc205de49131,No hash
M1911A1 Front Sight,0,0,0,No hash,No hash
M1911A1 Rear Sight,0,0,0,No hash,No hash
M9A3 Standard Frontsight,0,0,0,No hash,No hash
MP7 Flip Up Frontsight,0,0,0,No hash,60fba3a3e82c10d363e54c69548684a1
MP7 Flip Up Rearsight,0,0,0,No hash,9133944d7ee5c39869c470b23a1e2561
Magpul MBUS Gen.2 Frontsight,0,0,0,6c87c864fb4e9b4dce80c693782ee2a0,ba6b9267d37588bc2e323c2bab6e08da
Magpul MBUS Gen.2 Frontsight FDE,0,0,0,501f299b1e05de3d78c9eba110a119cc,44682293458bf4675dd9452763fc3db1
Magpul MBUS Gen.2 Rearsight,0,0,0,541fd522f6732ab7092c83455e03f9bf,17e0091ba994560c0ec2384573b661ba
Magpul MBUS Gen.2 Rearsight FDE,0,0,0,68d748e4203b59a4d36d942eb6a26fee,e6f1015f7e04719d105ba3ee056e3e90
"Meprolight ""Tru Dot Night Sight"" Frontsight for P226",0,0,0,6d0eb0604be461a5d22ef7e590db7a3d,0d7287fb50cc9c1806c90ac561b7b956
Meprolight Tru Dot Night Sight rear sight for P226,0,0,0,76e7468426389fc436c8a0dcf6754e37,5af23f45f2f182f2f35486e61ad522f7
Monstrum Compact prism scope 2x32,0,0,0,673ff263fa80801624b22fecc6e487f7,9707eef7071bc64e3bafd55d941ac703
Mosin Rearsight,0,0,0,9eed946d82dba48da082f70833b22017,c25f15ebbd41558899822aef8d0626f6
Mosin carbine Rearsight,0,0,0,99e1d74476b9a53e06374027fb8884b9,e2c67216a2c046a1b061d3b726bd05fb
Mosin frontsight,0,0,0,8d703fa6597d0acd0f34ae62e7bf7eb7,b13f8b8a6c4e50704803c8823e740013
NPZ USP-1 4x scope,0,0,0,4697aadc60ecb7683d92c6d64300c367,d1de0c41f0cedef44981b29464737420
NcSTAR ADO P4 Sniper 3-9x42 riflescope,"30,222","15,111","28,753",3794c0828fa461a74708e6e8ec0bca57,9b7e8748f7ea92f740091059184d9212
Nightforce ATACR 7-35x56 riflescope,"84,166","42,083","49,166",a9bbf53bc68e672f97932cbc61252638,972f03c001d40d93ba9ad887eaa7e98c
Novak Lomount Front Sight,0,0,0,No hash,No hash
Novak Lomount Rear Sight,0,0,0,No hash,No hash
OKP-7 reflex sight,"16,131","16,131","8,487",ff625066e9c5b3894ef81a0f67439e59,e76c195773057a09c49b7d99e662a576
OKP-7 reflex sight,"16,131","16,131","8,487",ff625066e9c5b3894ef81a0f67439e59,e76c195773057a09c49b7d99e662a576
Optical scope March Tactical 3-24x42 FFP,0,0,0,2c71b1cf4c5c07d94742f4c4c0a8a147,9188bf989c5f5abfb5b9e41ca00f4711
PAG-17 scope,0,0,0,No hash,No hash
PU 3.5x riflescope,"13,161","13,161","6,908",22a09fced40f14dfded0b13d91dbb4fa,9374fa2e31991ad0bf10a0e54c162546
Primary Arms Compact prism scope 2.5x,0,0,0,6c5447c846f35ab8da3e4e678b2fff16,421bd86073dc66b28d751059d3e3bac2
Rearsight AR-15 Carry Handle,0,0,0,6c5447c846f35ab8da3e4e678b2fff16,18be26b33e1ccad9118a72464ccbca41
Rearsight ASh-12 Carry Handle,0,0,0,dde0d9ee2634c562bb81b21306426193,224dcbf28bfe47bb79c0aa59daf460d2
SA National Match .062 blade Frontsight M1A,0,0,0,No hash,No hash
SA XS Post .125 blade Frontsight M1A,0,0,0,dfa5052b1b7a22fcf403d75760a9dd96,e399474cf6f30a7404f30b5e9121daaf
SIG MCX Flip Up sight Rearsight,0,0,0,6432af27e839f31261fbe0cd07b65a3f,7df5887734b5ac767fbc131b52a214a2
SIG MCX Folding sight Frontsight,0,0,0,70446141d6c0f2a29f0303647f68098a,19b3f6818151fd41e541f0ace31e7b5b
SIG MPX Flip Up Frontsight,0,0,0,639250011ceb00c17caa291bb04565a9,No hash
SIG MPX Flip Up Rearsight,0,0,0,94185598b3c9aaa331bef2b7f97b5954,No hash
SKS Standard Rearsight,0,0,0,f942a1e6e4c1f452072dfbfd562ab3ff,5c9c5fded7c894424ef2df781b6fa90a
SOK-12 CSS SIGHT RAIL MOUNT rear sight,0,0,0,3efced618297c8c3887509733a4544e6,92df554459ff5304aebeed38bf404e72
SVDS Rearsight,0,0,0,5ef3fd5881bf9b50b098e4c3a8ffd005,2b08dd49cb18deb36639ce37d86b4728
SVDS frontsight,0,0,0,7a545214809cccec7122cd5797aa40df,b5e2a3437816a8cf78136cbd6987964f
Sig BRAVO4 4X30 Scope,0,0,0,a2aade5a1c9598a54c7fd3e116e4e9d8,c81811351651fb94f0abe4dcd74f564f
Sig Sauer P226 Standard Rearsight,0,0,0,No hash,No hash
Sig Sauer Romeo 4 reflex sight,0,0,0,7af6ef5d74d0d9e04f7b9de459e21620,7a6fe5ee103f0ad64c921f18593fa8b9
Sig Sauer Standard Frontsight,0,0,0,ef7fbf4d95df4907509fc4e195c6752a,137237991fc1f970821aa59865c918c7
Sight Mount M9 rear sight bearing,0,0,0,9d2fc8c61764618d4f14395dd8d2bba7,57c5717fa8183a3cd611b21d811a7b0e
Sight Mount Sig 220-239 rear sight bearing,0,0,0,a84c55d9e7fcf284478f09f982da8c4f,31d229053cd7d7b93c178916d158150d
Tactica Tula TT01 Rearsight Weaver Adapter,0,0,0,9fec123177be257edc607b1bb7e231f4,a87abcf14d585e02cbdb31286e9919a4
Trijicon ACOG 3.5x35 scope,"16,314","8,157","13,147",4a600b6f8a657ae63c3f8e74ee6c9e12,16fb6f4928734184a3a3dca5f3907cc4
Trijicon ACOG TA01NSN 4x32 scope,"19,198","9,599","15,491",30936fb2fd3026cbbfa8e81ed35ec041,eab4625fbb3d1298170c47dd8d7b0666
Trijicon ACOG TA01NSN 4x32 scope TAN,0,0,0,b240de780ea7e0457ee81b81a7a8c82a,bcd80d02b232da19b279181c102ea95d
Trijicon ACOG backup rear sight,"2,4","2,4","1,344",No hash,No hash
Trijicon RMR,"8,336","8,336",892,94c55580917e97249e1940484046a8d4,3d82f08d6094874c93dc85cb49bd66eb
Trijicon SRS-02 reflex sight,"18,331","18,331","12,824",7d79932ffcd844dfa170687565a7af0e,61521fb38a4151c561b788a7f008dac3
Truglo TFX Glock front sight,0,0,0,b85679f17ee0fa354a062608ef65df0e,ee65833af9456b69e757755ef412d358
Truglo TFX Glock rear sight,0,0,0,87d3b4462d68e1e104772fd0fd8f9dc0,a22edf0426eeac9c915bccfeaf7e432e
UTG Low Profile A2 Frontsight AR-15,0,0,0,2241cfe0fc87d367691ff2b0952d6aba,98e86ad4d4f25cf6a35e866d8e900e90
VOMZ Pilad 4x32 riflescope,"12,989","6,495","8,102",5d5608cd132fdce5987353d8aac14c0d,8277cd25e40926d002905a504b552b31
"VOMZ Pilad P1X42 ""WEAVER"" reflex sight",0,0,0,ce15d84c506d8f969252289f6f8e22b7,fa153025445731c77f3e7fcba6e9936f
VPO-101 Standard Rearsight,0,0,0,No hash,208db1dbbd448a9955c4d5dc8c515086
VSS Vintorez Standard Rearsight,0,0,0,325fef4d261fcba5ecc959d16f154857,d43fbd9732883c022c183b9d3252c206
Valday 1P87 holographic sight,0,0,0,01fb474a7fa8f3a059ae0d88d55c91fe,7aadcb6b4328afcef2631f08b545096e
Valday PS-320 1x/6x Scope,0,0,0,6fd3d97afff7e94889aa886bd051c681,4ce2e0016e4ebee0a746bc941048b89d
Vortex Razor AMG UH-1 holographic sight,"29,285","29,285","14,474",5ca6a62cb22a2efc1b073f9356867a99,3c7351515ba83b57baa1d132d27b0005
Walther MRS reflex sight,"13,188","13,188","5,6",1982b56463455449261de5742b5e4980,1971bfb4d8a6c8f5f4fbdde95e666272
Zenit-Belomo PSO 1 4x24 scope,0,0,0,cdaa9550df88702ca77207bc78aa3161,68ac3df16549c6c6a089f96fe6c98102
Zenit-Belomo PSO 1M2 4x24 scope,0,0,0,e8bd03511a2a2b9520ad0dd33182e39b,6c998b01b6fd4a93ac7bd3e712baf4b6
Zenit-Belomo PSO 1M2-1 4x24 scope,0,0,0,d44cb51708b823490b4a3ae1bc4e7a8f,6c998b01b6fd4a93ac7bd3e712baf4b6
FLIR RS-32 2.25-9x 35mm 60Hz thermal riflescope,"144,794","72,397","81,085",1a71f1b1e2d906137f28112092601e29,faaabd1803bb157709312ff5622dadc1
NSPU-M night Scope,0,0,0,930b0449b68486672a503ddd153cb93a,999d632586c94b0a52a69368b2e774d2
T-7 Thermal Goggles with Night Vision Mounts,0,0,0,No hash,No hash
Trijicon REAP-IR thermal riflescope,0,0,0,e57e57a9c276c4dbe1064a7d8b0ede57,9493f5dc861b6458221deb2784844d8d
Vulcan MG night scope 3.5x,0,0,0,bb598b428557f8afba36861a161479a6,021e3d88c52e7c91d5797818d22ee406
ADAR 2-15 wooden stock,0,0,0,791da533c8c985464b7e7f4cfaaf099c,49ddd8cec024083d233fbe2b8a54b13c
ADAR buffer tube,0,0,0,22a8cc67b61665c6d83137711d7c1c99,7cd6c9d016d1c421d0f84254f4ef1179
AK74/AK100 PT Lock,0,0,0,9b9469cbb827885dc8c86f0f6971cbda,4409e02b0e5c130ee4f6b8b1005ff493
AKM/AK-74 PT Lock,0,0,0,b4f569a2ecbc2f60a9d85bbd1ac96452,5c6f34ef516a4171ba76967ea42d76cc
AKS-74/AKS-74U PT Lock,0,0,0,ec5ec88ccb51311a5aae72042c131259,0075ffc23c557f92809eedabfd37b75c
APB detachable wire stock,"33,214","33,214","3,805",88838797a82d40db745de0852017ae10,2634be9b44544c703dc7578344937706
AT AICS polymer stock for M700,0,0,0,699fa103e4d73e462bbe3ed5909c6b65,6f41b6e5abb4189b95c3418ca546a964
ATI Monte Carlo Mosin rifle stock,0,0,0,14c53f477f825365cdf5d1673a620f0b,f8d4d7737b0798ef363b0f241ab8d880
Armacon Baskak stock,"6,584","3,292","3,013",150dd045b5c25cc31c61fda3dfaa3321,c74c82fbdecfdfbe61421cdefaf798bb
B5 Precision stock,0,0,0,cb446cedb4cb0582044e16fef1db1973,05a85c48a82c49e13e1262c7c2e34b09
Buffer Tube adapter for SA-58,0,0,0,7195a284b4cbbbb9c885fc205de49131,7077761ff1de61edc8d9197636e15aa7
Buffer tube side folder adapter for M700,0,0,0,No hash,No hash
CAA AKTS AK-74 Buffer Tube for AK and compatible,0,0,0,6b60e6a1a08c719dbee7f64945714e3b,9bc340dbc9a6b45f78f6c248506e5483
CAA AKTS AK-74 Buffer Tube for AK and compatible,0,0,0,6b60e6a1a08c719dbee7f64945714e3b,9bc340dbc9a6b45f78f6c248506e5483
"Colt ""A2"" buffer tube","9,603","4,802","2,032",77c76fb98df6a03ffe44debfcc2e0831,2869122655ba2e79cd7986b4c0e12d0a
Colt buffer tube,0,0,0,4c5d4eff3f747987508eef50cab2704f,f9f1825590bc28ad4935c96c8fdc0624
Custom cut mosin stock for TOZ-106,0,0,0,2a6cde1b48d333b79133a797597d5698,ea82f8f31379f2e92f26f4268509121c
DSA BRS stock for SA-58,0,0,0,62dfc14007bf3f39d43a2d3f9f2a7447,05d667baadd3fb1ba1b2206c2cecfffb
DSA Folding stock for SA-58,0,0,0,b18f228ac9d7a3cf6b7461f3caaed38b,f3de6a64f114e0b973162dd39d19059e
DSA SPR stock for SA-58,0,0,0,0b57afb6067acdfaef690b1d1e02c214,05d667baadd3fb1ba1b2206c2cecfffb
Damage Industries Butt-pad for P90,0,0,0,No hash,No hash
Double Star Ace Socom gen.4 stock for AR-15,0,0,0,7195a284b4cbbbb9c885fc205de49131,49d6b9de7065ea70032348fe017c1182
Double Star recoil pad 0.5 for ACE stock series,0,0,0,d6e80c186b46ed875207caeeae51e915,685e5969d0e334bb70c3e439930333ec
EMOD Stock,0,0,0,99652639b166849353aaa46cc2d7ab79,103428344e6017bf3110f8fb8f62c72b
Early produced SIG collapsing/telescoping MCX/MPX stock,0,0,0,87a8035e50e8ac7293aad3049fbeec5d,e53734fbf1e3ecd4e136dc1133fbbd15
F93 Pro Stock,0,0,0,add615f0abaf06d8bc73f5bf9c0728e8,13179c08f000434b92c41e2a650ded5b
FN Butt pad for P90,0,0,0,8027c9a8f8c82c2339d48532cc265abb,48ee57aa898ce9503d872799ed87682f
FN P90 stock,"35,555","11,852","1,96",No hash,No hash
FN PS90 stock,"3,35","1,117","1,876",No hash,No hash
Fab Defence GL Shock Stock,0,0,0,617d426727b0a42211e86fe27b70e6ef,9882d94f048d03a0f8ce6342149b521c
Fab Defence GLR-16-S Stock,0,0,0,7195a284b4cbbbb9c885fc205de49131,8037417a0617350f2bff47f4b19fbaf4
Fab Defence GLR-17 Stock for Glock and compatible,0,0,0,d33897835935f04a13a347871c5dba82,09aaa35eb05b8a7ac2760e6320940a44
Fab Defence UAS Stock for SKS,0,0,0,044ba5ca83c4dba47fe8d9d183dcb6e2,48a3aca2be429a5b77c321de29606e8b
Fab Defence buffer tube for AGR-870,0,0,0,b05b74bfa70249e30762b741e3b93130,7cb9854d55fef39183896642d975d768
Fab Defense UAS for AK,0,0,0,8e4a8c1a184df878abb0601173e2c193,59ffec218c8843c879c1a1ee8de37211
"HK ""Enhanced Tube"" buffer tube","12,581","6,291","2,794",9a4e7a0baf6002389c0db1b04f15262e,4556ee8f25ae59e5b18f8a2c80c472ad
HK A2 Stock,0,0,0,6f075fc5c05d01715e305e1b20aae263,d6280697e6393cc499413f363d1bd19c
HK A3 old stock model.,0,0,0,726d5afd7a68da8c0b40899f4a66a476,1021614295e56d00821b8f0bce6be505
HK E1 Stock for AR-15 and compatible,0,0,0,de97506f06e169711a9cbf0911b7547c,fff42fd814fa855f12d07789ed3e2eb1
HK End Cap Stock for MP5,0,0,0,963357f9281e3609dcb86b2e1b44d5aa,9ada80d596ee66fc068dd05c46f18611
HK End Cap Stock for MP5 Kurz,0,0,0,e2c3c55f7402849978cdcd968ed50acf,No hash
HK Slim Line Stock,0,0,0,e686198bba4672e272aeb58608587f98,128bdbe9123e31bb3577eb9a000dfe6c
Hera Arms CQR pistol grip-stock,0,0,0,28d54222ad6c1034eecec38482991252,05c3416b7a93ffcaca20f51917130da2
"Hexagon ""Kocherga"" stock red",0,0,0,30aad236c1f427272b07c41e2cf2e27b,6cd588675e2baabd5236e2350457ed69
High Standard M4SS Stock,"4,606","2,303","1,747",b26d4bd30542a229c53442bf556ec29b,22e3bdf283b3909d931516eaf38ff1cc
"Hogue ""Overmolded ghillie"" stock for Remington Model 700",0,0,0,85626e20c91ba94bc607b21ac9265139,cd9629d44b3b3b08b21a9d0f4337d36d
Infantry Mosin rifle stock,0,0,0,4a56edbde67f04a47edbac917a73c07e,1c5967c56547b087052d0e191b01ba93
IzhMash metal stock for AKS-74 (6P21 Sb.5),0,0,0,a94182cf092da4a1d41aaca8ae1dfb43,05fac89aa6a7353e6fe36414a34c13a8
IzhMash metal stock for AKS-74U (6P26 Sb.5),0,0,0,6b499c4f892562c8c14abfdb9608eebc,bda32ad4227754aec2bf6ee207609232
Izhmash AK-12 regular stock,0,0,0,9c96731f8385bdea7f4783195b18151f,011d9aab2adfbb239e232c6b2c08df0a
Izhmash RPK-16 buffer tube,0,0,0,7178bdd1a0d5f0c9384c0274bc187fc5,71c51dc6e558073558041e28090ee5d6
Izhmash SOK-12 AK type stock,0,0,0,40a99ead7bfe6d9bb185b279f4ac8c97,13db189e8042ed9c26dd61569506e08e
Izhmash polymer AK-74 stock (6P20 Sb.7),0,0,0,2f0eea9cabeb9e2d9eb958bce40fa93d,f929fdca5df31f4181e4e02d43075325
Izhmash polymer Plum AK-74 stock (6P20 Sb.7),0,0,0,e929c42c70b4e93f9d3118a32072efc7,d94e195e66f8df273bc23b817a7944dd
Izhmash shoulder piece for AKMS (6P4 Sb.1-19),0,0,0,6b5162d2846120d735056b0ee53464cd,aed94553ee96605a86d53d0916acd93d
Izhmash shoulder piece for AKMSN (6P4 Sb.1-19),0,0,0,6b5162d2846120d735056b0ee53464cd,No hash
Izhmash wooden AK-74 stock (6P20 Sb.5),0,0,0,1c4b0298356dac925e07019a98c186b2,727708739c26b862d58b9ff673edcecc
Izhmash wooden AKM stock (6P1 Sb.5),0,0,0,0e4b37946faf0c88074e7ed0e190c706,No hash
KRISS Defiance DS150 FDE stock,0,0,0,21510be12c081668d7f797ee94f0bfef,d12664b6d9ed1676c63cff3c73d27435
KRISS Defiance DS150 stock,"13,55","6,775","4,424",3f9e57a91840cb9278ffca92120d6b23,d12664b6d9ed1676c63cff3c73d27435
KRISS Vector non folding stock adapter,"9,571","9,571","2,184",600bb7125fecfdd6db7684fcbd2f1fe8,4a373f625d27c3718badc532583bd624
KRISSVector Gen.2 folding stock,0,0,0,edff66b72d3008ac707313148c491ed5,a31a2725990e8caeabb6e093e1fc1ebd
Kriss Vector Pistol Sling Adapter,0,0,0,c3dc6ebd440207d3171263e3acfea162,5362c7b384ba31c06c40247a4a3d637c
LEO stock adapter for M870,0,0,0,f8b4c4c95adc6abe9ce629e9655f07e2,d4f6219ce19174d64f8ac32bc0db89e5
LEO stock adapter gen.1 for M590,0,0,0,23ecc7284caa162028412535615d963c,0a70ca70a914ec2645798f3a50b861f4
LMT Sopmod stock,0,0,0,5ef16240864fd6f55cc39fe08016fe47,16b2e6674d1a8a38fde5bedb740f1100
LOBAEV Arms Stock,0,0,0,50b9309b388f2abdbfdc90e40f9ffeed,0eecdd4e4de943de4914e5c6d32df4e6
M14 M14ALCS(MOD. 0) stock,0,0,0,3ebf2d59d729e1f5a737688373fc8897,478687f601bb49602f2cd3a14ec69ce2
M14 M14ALCS(MOD. 0) stock,0,0,0,3ebf2d59d729e1f5a737688373fc8897,478687f601bb49602f2cd3a14ec69ce2
M1A Archangel stock,0,0,0,d22a175bcfc63cf2e7c1ffc3ee2ab89d,3399bb14d1fa8bd4f9b28c200a834c2b
M1A Socom 16 stock,0,0,0,b1478f1d4b59b9f13db8dd2420a245d6,9c4804b54721261aad4005404b1658b8
M700 MOD X Gen.3 stock,0,0,0,847413ca4be12a7efbfe2037b25e8317,811c3d277efd26338bfb654260ab6672
MC 20-01 stock,0,0,0,c62cb20031f9a7f06967b1d862f35953,85f9c15ccbb65283f276161e6030ebf3
ME adapter for AK,0,0,0,6e0edb4ec62137172bc1c356b562318c,1b7bf8fcbb8b782616c23ed5cc211d5d
MFT BUS Stock,"11,126","5,563","4,534",2b3c4c256c7c01e182adbc5ffc7cfb53,e0cc21ba0cb01ebd4e204008e13f7b85
MOE Carbine stock,0,0,0,85502de8889976e36fa10ff5b41c21d7,2505b846f799c04b85d84321c4b5fc4b
MOE Carbine stock FDE,0,0,0,336363ad69036e9127d9ee240815ea35,aba29bcafa53155b6927fca6664e0257
MOE Carbine stock FG,0,0,0,4ed250086bd657b694c8ac7787187da4,01a2b59808d1aabd6176b0dd2dd8eed1
MOE Carbine stock OD,0,0,0,c172912f66addb241ef182c68c41fdfe,bb780b43f572ac024d6e927e4901255d
MOE Carbine stock SG,0,0,0,76b4ff7aeb0d7b984352ce0ab909473b,28e9f8033a0c249d3097641892c6edea
Magpul CTR Carbine stock,"17,547","8,774","4,547",f8693542ada21733b209389412ac619c,979c4fba7d6a0fa31911db51aaf63ba5
Magpul CTR Carbine stock FDE,"17,547","8,774","4,547",b7ec9d674523c9c2ea3f02d4f407fc78,1fd39acdfbabd80de656987d19b2b819
Magpul PRO 700 chassis,0,0,0,6ca74510d6ffd2af5f6e3c9f9d0b562b,06d8c4821c70528c360969d7aa52af95
Magpul PRS 2 polymer stock for FAL,0,0,0,7195a284b4cbbbb9c885fc205de49131,8db4777ea39131ece848accf63eaf6ba
Magpul PRS GEN2 FDE stock,0,0,0,5445d9079c5c54725ef8e814a3b80cec,9188bf989c5f5abfb5b9e41ca00f4711
Magpul PRS GEN3 Grey stock,0,0,0,71c26e9dbf91d189025fb3242bb42de5,ecf1d1ed3d055c5069e61c5c8017ebc9
Magpul PRS GEN3 stock,"31,055","15,528","10,528",190f1ce7cc66301a849135393230b07c,ee5b3fed306226d8e725193f19c07504
Magpul Rubber Butt-Pad for Carbine stock series,0,0,0,69c33d24bfb15ea2429e77d5f5d9624a,172859171361a4821f750a3d0188796b
Maxim Defence CQB collapsing/telescoping MCX/MPX stock,0,0,0,No hash,No hash
Mesa Tactical Crosshair Hydraulic buffer tube,"38,898","19,449","11,928",1a38a462303438c388429ab246f465fc,d9aa1e106dbe5fe1926183709618d385
Metal Izhmash stock for PP-19-01,0,0,0,No hash,No hash
Molot wooden VPO-136 stock,0,0,0,96816dd9676f100c9aad6006b05d7fc1,d58271803cf8589c2a0fed38e851b921
Molot wooden VPO-209 stock,0,0,0,e347c9a6c4a83faa26011bb71c87023e,f7c03ff24335742bc47f5cc6c0a5560c
Mosin carbine stock,0,0,0,1bbeba079155ee7f5c3e56eb5b9e2e9c,8fd8ed2792bb8595cdd4a6064a778883
Mosin rifle sniper carbine stock,0,0,0,1d3cbd426c3c3093b1c335874f0fb01a,f225baade66f155c566337940d9ea933
Orsis Aluminium body for T-5000,0,0,0,d527d1da1c76c89ca9ff4594ad62e637,No hash
Orsis T-5000M Stock,0,0,0,7195a284b4cbbbb9c885fc205de49131,No hash
"PMM ""ULSS"" foldable MCX/MPX stock",0,0,0,784f6ed2bf5e5b0f719117b0ba8de495,a166d66e476523687da928613a796250
PPSH-41 stock,0,0,0,c592d3557e5d694f5c78e4430c6313ac,No hash
PRO 700 folding stock,0,0,0,No hash,No hash
Plastic pistol grip for MP-133/153,0,0,0,dbb5542638582f2e758ea4965991127d,16055b051397b54e0c429e1969855d23
Plastic stock for MP-133/153,0,0,0,a64d858e9bc4a6aafb1dc7ca26ff3b83,a8df8cb7a5d7986ab6e5a990b06e0b2c
Polymer stock DSA humpback for SA-58,0,0,0,e6591f4fbd4544756cf601dc62019246,52bcd5b61ca79b6b2042f0a2e23b8cce
Polymer stock for AK-74M (6P34 Sb.15),0,0,0,6c6b5bcf8573e6cbfa8b92be77a08306,e046b9ecf3d1697cf55b2562e02d6f03
Polymer stock for M590A1,0,0,0,87c66e05e783b354567e365b9395e166,506c3e90096c687e7163fd962f91ed60
Polymer stock for SVDS,0,0,0,20c40c8141e1bff626f5bb5e29ff5db5,0b73f4a536c4c5a6d9e1256c8d20ba3b
Polymer stock for UMP,0,0,0,780e993059a656dcb377b73051a93004,No hash
ProMag Archangel OPFOR PRS Mosin rifle stock,0,0,0,25d6751886411eb9aea00cf93eeabc0c,e349bd8c22dd03225f96f3522453bccc
Promag Archangel polymer stock for M700,0,0,0,8e6fd65c11960084a2af52bc61f55f9f,a679c142949f1ff9daf7b441e982c929
Raptor grip for M870,0,0,0,3da83961405e80359ee3d48153432c58,8f8d60a352b9608b32c36642b01e3290
Recoil pad from Aim Sports for Mosin rifle,0,0,0,bfb8a5edda754d928265d63ff146aa3a,No hash
Recoil pad from GP-25 for AK Accessory Kit,0,0,0,86992fbe1f2f759a642f4bf9f6471ea7,1ecd04f8577a26d72c059087f2182670
Regular Mosin rifle stock,0,0,0,a7d11b7131be5710c7cf6e543922f817,8772cc86d0fabe851190c75f88a7fbf1
"Regular VPO-101 ""Vepr Hunter"" stock",0,0,0,No hash,be4f8abbe3c8def1740ae6837c8af6da
Regular VPO-215 stock,0,0,0,No hash,17eb175f702837cf447fc45d2ae70e2e
Regular stock for B&T MP9,0,0,0,No hash,daa2b6be06654c5cca59bceea15f552a
Regular stock for HK MP7A1,0,0,0,No hash,No hash
Regular stock for HK MP7A2,0,0,0,No hash,d6280697e6393cc499413f363d1bd19c
Remington SPS Polymer stock for M870,0,0,0,4e9894afd6702000daeb9b88013147ab,1d878d42f3f27bdc06ab7824ed8f8273
SGA stock for M590,0,0,0,1c5d539616b2ef7a0e293c00be175673,67825b29561c962b2e4b954e2c1b109d
SGA stock for M870,0,0,0,962a70b54193f275720c26578f0b245f,No hash
SI Advanced receiver extension buffer tube,0,0,0,a75bae21aff5664e3873f999f6d1686a,6341c205e065904b1b208571c0df98ce
SI Advanced receiver extension buffer tube (anodized red),0,0,0,7195a284b4cbbbb9c885fc205de49131,82227b2b3ea4b4f6d286325b732b7038
SI Viper Mod.1 Stock,0,0,0,d7bb78ad6211d03f9a25ff176c9a57df,40b7e4930dafd9da6ab698deddd408ff
SIG Sauer Thin lightweight MCX/MPX stock,0,0,0,5217c413a85e2b665107b35c2a8089ca,08d77cf8e39073d1c962e8e573ea6cfd
SIG Sauer telescoping MCX/MPX stock,0,0,0,d36e938b1aeb6ea111af05d395e5b536,b4d34ea29f4b44550bcfc763542c2928
SIG retractable stock pipe adapter,0,0,0,9ead7743ae3bb17a52e489afdd93275e,d153d79f2acc2447cd60958fbeaab6b4
Sawn off Mosin rifle sniper stock,0,0,0,3ce4499a23cf0151e7a517fc7b3c99a3,9e1feeb14e51ad30b47f1b25af7bdb05
Sawn off regular Mosin rifle stock,0,0,0,No hash,8772cc86d0fabe851190c75f88a7fbf1
TOZ stock for TOZ-106,0,0,0,e9eed1eb83198a9d8a3f4d3dbcce9645,No hash
TSNIITochMash AS VAL stock,0,0,0,661b50fd70713f366aeb2996fb538768,4a4befaf6faf26da71cf2e5bca90c7da
TSNIITochMash VSS Vintorez stock,0,0,0,c72fffd6a77b8b5ea2ff378dc72edfd7,530e594cfc3125c8b5deab66cf051783
Tapco INTRAFUSE Stock for SKS,0,0,0,cc5ee56c49e27fd82d20a079a37e38f1,303b31c470092ace808641839bfb4236
Tapco buffer tube,0,0,0,620122b10ecb3d9ca0a6794fa9c70cd4,20604c8077987c10b1a7ca0056d1520f
Troy M7A1 PDW Blk stock,0,0,0,5ba25765a3e799739485889c49052cda,f79eb35e143b8462357de5d81d5d7093
Troy M7A1 PDW FDE stock,0,0,0,37d4f170abce5d4077bb8106834c47e8,eb75928283166cb0a4ddedfe07d47e91
Troy S.A.S.S. Chassis stock for M14,0,0,0,30ac15ba429e2f6aec7d37879917e0a5,8daab035623176ef907c6353c505bf33
UBR GEN2 FDE stock,0,0,0,5d94cb9fafc83c1563c4c34a3f187449,be311d3d1f382f736c6f4ea8a4fbef76
UBR GEN2 black stock,0,0,0,35aad0991aa4611174f29d0992e5252c,0cf74c1ec52f41f0ccdafe157c41226a
VPO-101 SVD style stock,0,0,0,1a232a251d17cbfa692b401fb444be2c,748ce1295ddb2b999a7060f43e2d7a4f
Wired stock for KS-23M,0,0,0,870d866731c3534827b0d7554e9f6dda,298e06e465440545abe16af83a78c7d2
Wooden stock 56-A-231 Sb.5,0,0,0,2341055dd588d70bd4981d5fdcaeddf5,eecd69ebdea78a2e672d19876f753bbf
Wooden stock for KS-23,0,0,0,f3b254f5361b2f79b1061c93c2378ae9,e6d95937aa0afff926cf8012cb27a519
Wooden stock for MP-133/153,0,0,0,a47d6bd7aaa9fff58ada1a0b89a1d7eb,9e9e47d7a59915761a4905332825aa95
Wooden stock for Molot OP-SKS,0,0,0,147c254a128f34d1a57a382c5bef2666,84b58f8de75d4b570c554970ed6bba65
"Zenit PT-1 ""Klassika"" stock",0,0,0,dd791f0025eb79c2fd41f41f488ba1f5,610e9a1e07667b33aaafb9f7f436c60e
"Zenit PT-3 ""Klassika"" stock",0,0,0,9b7fbbfd7321b023f695852efc06a1fc,0fc92cdf6afd837e1e0cc1da51d05b63
Zhukov-S for AK,0,0,0,cae9af88e4df19ab35279bef040bbe42,540dae4fd4a3fe041e649da3936fb32b
1P59 scope eyecup,0,0,0,9cac050c9c76508106cfd7a808304450,6cb36272676fd2bdd65f85266da19dda
AGR-870 protection cap,0,0,0,31da2d156c29be66aea59b347f1c206f,576de79f160201042c2661a5a56e1ddf
Caspian Trik Trigger for M1911A1,0,0,0,50086ca8a8eaf3b58b008a0e23dcf94d,675ce19ca0cc8bcf3cf2a0360a72caa1
Cobra family sights shade,0,0,0,f2242f3fb91194e15ee610be310997e5,d533a8892c21887252ee1655fff36716
Hammer for M1911A1,0,0,0,68df1dbc3d2c8802b3a316c1a63ae3ca,No hash
Hammer for M1911A1,0,0,0,68df1dbc3d2c8802b3a316c1a63ae3ca,No hash
Hammer for M45A1,0,0,0,No hash,No hash
Heat shield for SV-98 silencer,0,0,0,9916f1475672b707c4abaa6926bac2f3,1fcc719402bc76e3c7b0d67c8c916ac8
KAC long panel for URX 3/3.1,0,0,0,16f0e37033ab83d4883b0ac2a5941dfd,cf1ad5bfccb91f17d650a376ef04928e
KAC long panel for URX 3/3.1 FDE,0,0,0,614732210b188ccb69f6d33da0d2f646,7d68e11ec4ce966d1cee3d5eb6034ec7
KAC short panel for URX 3/3.1,0,0,0,a87226ff7ed886aff01cc7ee044bdaac,c17cebc0a73a1697dc37f47d53f8b42c
KAC short panel for URX 3/3.1 FDE,0,0,0,a4b59b03006d552c32665822e1e5aa21,90a93222b7aa2e33c091a2a936e50f72
KAC stopper panel for URX 3/3.1,0,0,0,e8167caaca5f065afb127cbd5f6160b2,9726acb099163c044478e8fb351b7881
KAC stopper panel for URX 3/3.1 FDE,0,0,0,c85c1e05571f8182d383d9c0eaca1c5c,2205451364c14b796fa099d73b6baac2
NSPU-M scope eyecup,"6,872","6,872",146,c80a99a1077ea0e38ec66b4d15b573eb,47a654322404bf9d7139a4d20b7ed782
PSO scope eyecup,"11,633","11,633",155,4fadd502f1b8af56ecc800bb0ef78f3b,137e5b8cc12c80cdc371b0b720cf1280
REAP-IR scope eyecup,0,0,0,55a435abf5a08375d832d4727d52f45f,d3207c51d48e02d3164e8b6b36f90c73
STI HEX Hammer for M1911A1,0,0,0,becc0970ed0402c4fd6a7c63e755ecf3,69c87c110c3bb0aa12356009a74e469c
SV-98 anti-heat ribbon,"11,25","11,25","1,312",355e0c7b73a2a6d141368497724828d9,6f9edde3012cc89dcd2f58749f981334
Slide lock for M1911A1,0,0,0,No hash,No hash
Slide lock for M45A1,0,0,0,No hash,No hash
Trigger for M1911A1,0,0,0,No hash,No hash
Trigger for M45A1,0,0,0,No hash,No hash
USP-1 scope eyecup,0,0,0,2ad013ba0c606fecef0d02d4ab7cc4c6,a5ef84de28e60f131d38ee48a0449479
Vulcan MG scope eyecup,0,0,0,e7340e62527e9a7a900e2ef78d3c086b,e52f5d0b5e68d974f218a901bc4a96f1
Wilson Extended slide stop for M1911A1,0,0,0,04ff0ae4ba60455b32a091861c3b310c,6e14685ce1d3394d054dd7add898a467
Wilson Ultralight skeletonized hammer for M1911A1,0,0,0,5dff2227b19b1c0dcfac5ccd267d18a9,7cce29020b458d54acc69e50f8413428
Zev Tech sight mount cap,0,0,0,e4eff4ae6d511e6a98670216a1800b01,cdeebea948316d0e3ce245bff2584ee0
F-1 Hand grenade,0,0,0,afd86039b65b0f7b986c4da1d1508831,c3f413514a2f4d7f064d7159ccec8ae7
M67 Hand grenade,"13,645","13,645","4,009",db41ee77c2b29c54ad3bdf90168bf40b,42b7fc93720f8a66f0b22b46f94d4900
RDG-2B Smoke grenade,0,0,0,cbedef9bd05fe963de1168c818329c21,315ec81442bf9608f63eca4178a41bea
RGD-5 hand grenade,"11,182","11,182","3,614",23be6c98d96e69db96ab854518a5850e,234bdc3e72145b31628b1bcb324a4b11
VOG-17 Khattabka grenade,0,0,0,c6e624284c2617e3828c00db6034b02c,3d459dac2f8347ea91e9ee0d298d7a71
VOG-25 Khattabka grenade,0,0,0,5e2af1628561457539b54c8bf099c3bd,0b61b95d49abf812413c7369fc1a698a
Zarya stun grenade,"6,184","6,184","3,357",4b0009f904a10cef15de9c4e8fc7e8bb,8ed29eae42f4e9468430afbb8f89486d
6h5 Bayonet,0,0,0,d0493438426a56feda91244023830f2d,3f2f3d2fdaebc39c6b97b96503eaec31
Antique axe,"62,365","31,183","56,76",12c67dcbb1c9b27209025647ef88da29,450c44067995125bf9bd521bf6377363
Bars A-2607- 95x18,"4,153","2,077","3,067",d8aebda63f080f1b2e3300abf8203e16,f6814a7218af70c548a3eb41ea0f72de
Bars A-2607- Damascus,"7,201","3,601","2,155",46240b32089056c9e4eefde273fdbae1,59caa06fb823955410876cdd91678b37
Camper axe,"52,509","17,503","24,72",30f5ce2533f48f7eb724397fe8f50274,f0688cf8810333bfd23d50d24e1a479a
Crash Axe,450,150,270,No hash,No hash
Cultist's knife,0,0,0,cba0c0f50575691751ddbf0068622aa9,8377c1f1da2d1bd464280dd4182432f6
ER Fulcrum Bayonet,0,0,0,eb28b400ff773d2f6aa78947ecfd464b,eb28b400ff773d2f6aa78947ecfd464b
Freeman crowbar,"11,69","3,897","10,92",cb4e144a9d6cf22c58f523f21fa62291,bbad81d4d274a4757ee011db66d57f68
Grylls Ultimate Fixed Blade,0,0,0,No hash,No hash
Kiba Arms Tactical Tomahawk,"16,8","5,6","10,08",41a5a50ad6a96f09ea79a480bdad309b,No hash
MPL-50 entrenching tool,"3,56","1,187","2,136",903b8b95f8b44fbd11dbcb599e2b9c36,No hash
Miller Bros. Blades M-2 Tactical Sword,"1,570,000","523,333",942,No hash,No hash
Red Rebel Ice pick,0,0,0,b7c74e99c55325c8a000b03d21a39581,4fd489f796990c2af1d1c3f18103efd2
SP-8 Survival Machete,"56,372","18,791","46,5",047810096a222a9d57697981b43a1b14,4f06cac4d6b683429dd44da88f22b567
5.11 Hexgrid plate carrier,0,0,0,47efca9a6ed611900a97dc3e60ab2fb8,e88d03e6164cba7988969c77392a4de4
6B13 M assault armor (tan),0,0,0,9212c74d9445fc1fcd6ea1ce407164d0,326b0a0b83dca84b248aff5cd3100e38
6B13 assault armor (digital flora pattern),0,0,0,e8d91c9fcc7b6af27384c52fd3689be7,aee110647091b8082ae143e1b667f1a7
6B13 assault armor (flora pattern),0,0,0,382f3e870922be59a28b166768257269,8a2b5fe22212e06633cb5760f8f3ed62
6B2 armor (flora),0,0,0,1a5e4f50d6ed6d1605946ef5036a3356,a351535e47ecf1766d643e1839095760
6B23-1 armor (digital flora pattern),0,0,0,b7dbc4b97b9ef077ee61cab035db8e7e,64973f7234862afdce784160bb963a88
6B23-2 armor (mountain flora pattern),0,0,0,90c27d1022c4f232f6c502e7e89b70cd,52348b7eba45ce4eac747063f3365e67
6B43 Zabralo-Sh 6A Armor,0,0,0,550ca66bafd4f55f77ca771d17303220,07e0e20e8ad0e998ad93e4b917952c87
6B47 Helmet with cover (flora digital),0,0,0,f4bde49a24b34c58fb9ca6e3ea4680ce,36cefb9818a78c59633c4a8c2477c2fa
6B47 Ratnik-BSh Helmet,0,0,0,e54c9b6f47b6db750fd6fc550dc7977e,36cefb9818a78c59633c4a8c2477c2fa
Additional armor for the Bastion helmet,0,0,0,7628a4568924de40628e6a2981f0e392,373f8665dcac34d08557f58b8b2c7cbc
Altyn face shield,"43,46","21,73","26,945",85606c9cf93959d762c4d4f75c611184,78abafbfde5ab17d910121da5feacd0f
Altyn helmet,0,0,0,f40bd7c972b3275d4e1a57114b2fbb80,3cdf0a14d707b9e69f111bec4794e63f
BNTI Gzhel-K armor,"107,166","11,907","70,574",fa16ce9e4750f2b758898f47b7780c48,ea1114bf9885cf956dd287151300db88
BNTI Kirasa-N armor,"48,442","5,382","30,047",b6a257f6d6e0f1cdb9ab3f284cfd3cb3,d1a09a21cace76fb2f10b3ccdda4dfde
BNTI Korund-VM armor,0,0,0,a0808c6613a4caee681d8fc276d90cf6,bb062b59348b334518a87e32558b624b
BNTI LSHZ-2DTM Helmet,0,0,0,603031830e0c03c2b10f1b790c02b6fe,79e81484b9320ba4fe24cf5318600d9c
Caiman Ballistic Guard Mandible,0,0,0,e92ecaf4d427dbbac77ad40514b1b9ec,9eab37db05cce731e24453b532530ec5
Caiman Fixed Arm Visor,"20,273","10,137","11,593",6df0b532842ae123a8ee52ffe2a704b4,8c12ef51b1b3f8bb74911f2df94bf8ed
Caiman Hybrid Ballistic Applique (black),0,0,0,8c0c41d61a3b418113b6aa44932a8e57,1d9cff30896d221a2d14452b841a0abd
Crye Airframe Chops,0,0,0,8fb1c15a594f871ae4aae4b50a0345ad,2d97ad143bb0dd1543e5e1021d98dba2
Crye Airframe Ears,0,0,0,1fafad109829a7994c2058a5b07c87ad,a52ccf1e2185ca5f9987a0d3461ec0ac
Crye Precision Airframe Tan,0,0,0,319ed8304877cc6285eaac672448c850,506b5ad1cae6ffe49f339e6fcb438b51
DEVTAC Ronin ballistic helmet,0,0,0,c8aa7cd871a66b1d3e33fa37c9a2b354,39a8eeb2815fc799ceb1fd17082f162f
Diamond Age Bastion Helmet,0,0,0,5d3c8ad40cb467af436f38874be6e137,55aac29e22f0cd14ecdcc436762b6717
FORT Defender-2 body armor,"290,874","24,24","180,342",1c78cb41e2ed4bd9dcbf2e488d5ea4c8,4c24291671eb40540966a3806c1134b3
FORT Redut-M body armor,"102,874","8,573","63,782",ac5570991dd5e6ea9a2ed6cfbd248ec7,921b41a541b74fe50a65c7539d8f4479
FORT Redut-T5 body armor,"188,296","11,769","116,744",26380faee7267d4008fafef36520d0d2,1e2ba832780a1e319c01beff42759855
Galvion Caiman Ballistic Helmet,0,0,0,e6b1e3c963eba8cf778be648fe983961,35768dff31a8b04768237f03fb9b36c6
Highcom Striker ACHHC IIIA black helmet,0,0,0,fdee3a6ca4fe98c52aac15628c383dc4,7a87b685dedd97012f06d65d3b964e1e
Highcom Striker ACHHC IIIA olive helmet,0,0,0,7b2d794d25778f6655e345661026cc3b,a5bcf55bef53a22ada24723a413c5918
Highcom Striker ULACH IIIA black helmet,0,0,0,2b9892a9bbfe38c0bc99a8b5768afc28,1324474ba6f0967c906a69e0d8064bba
Highcom Striker ULACH IIIA tan helmet,0,0,0,8e241c491213f129e0816c362c44e2a9,ad352fcf6a32437c2106fc47163b8cbd
Highcom Trooper TFO armor (multicam),0,0,0,1d4f411b269b62469c2d4b38d22e1b98,48ce85135db93d2b3a533bff11c1fb27
IOTV Gen4 armor (assault kit),0,0,0,c7b1c01805537723556ef981b8113103,1677f393ff56f009e3c794930fa7a488
IOTV Gen4 armor (full protection),0,0,0,62378c8a60ae575a65124f725776d06d,1677f393ff56f009e3c794930fa7a488
IOTV Gen4 armor (high mobility kit),0,0,0,223363cec45f4f499d75a2876f22c8a6,88a36f64fea526de9dd15cbf130293c3
Jack-o'-lantern tactical pumpkin helmet,10,"2,5","6,2",No hash,No hash
K1S Visor,0,0,0,504e0fa954a5319e76f700b1036bfc79,f75e872f0fec13e2a540305514d3ae72
Kiver face shield,24,12,"12,435",bd5d52ca9a45ffdb753660c3e5f07dd2,2bff68bd7cbf52eeba03d56c245afca6
Kiver-M Helmet,0,0,0,90dea48f43171ace258e21f91cebdbbb,e6820e67151dbca9ca5b94710181739f
Kolpak-1S riot helmet,"13,852","3,463","4,545",9e073bc6fee1e54ef51d5e633bc82074,7383c784b1698443d418daa3a4a45d91
LBT 6094A Slick Plate Carrier,"374,5","41,611","232,19",7ca905ce5d962971e14b3afd9d8453c4,8156cb4d2b7ca24ff7c5546468f6453e
LSHZ-2DTM Aventail,"22,666","11,333","20,584",ecc68a17e108117c5fb8fb0a6001447b,e7dc7f91bff1a86b54f31aaf11e85d15
LSHZ-2DTM face shield,0,0,0,52cf35069297e89d0e3d7c63a405c277,ec08e064793d5b716efb398657c8c8d5
LZSh light helmet,0,0,0,45d691489d082845ba40192dbc9c97db,2dbbefcbee4d288f69b0bc4986135fa1
Light armored Shattered mask,0,0,0,7ecd101fe0d5b65bcac1296d336f05f6,5b95d634c35bd870d80ddb88c882e394
MF-UNTAR armor vest,0,0,0,663a5115a8cd4e6b8160edc2ec6dd2eb,65057bf7d0eabe70e1f8bdad218e7687
MSA ACH TC-2001 MICH Series Helmet,0,0,0,3d6082aacdc0275014d7bde0c0beeaf8,714a2a5469e437fb20a5b90d64e6a114
MSA ACH TC-2002 MICH Series Helmet,0,0,0,0dceeb597d70dd08a98fd6fa0baecf53,4349904ab014399154555caa45ca5b7f
MSA Gallet TC 800 High Cut combat helmet,"59,268","14,817","35,96",e4bd03c4be6240cf718c6630483f3db7,36ce9c2aec62b822ed6abffc226a7a24
Maska 1Sch face shield,0,0,0,e108cc03de307d64b3499dbafdbf7739,02850f027f86f4b22135b24ff1f68dbe
Maska 1Sch face shield (Killa),0,0,0,240240bc7022eafa7fc0006d94b284e6,20020a0c1f1d45852eff8b60a03b957d
Maska 1Sch helmet,0,0,0,edb3bbee1b76248dc0dc9dae34d43469,8723f36fe293e5220ce69f847f0f671b
Maska 1Sch helmet (Killa),0,0,0,a0a9107eafca2d542e7ef605a2664e76,2e8678de973b150ac140b08d0b9d78f8
Module-3M bodyarmor,0,0,0,0248b8716182e65a1b71d901bda2bb20,f85d291fb6130b837f202fc2773b1b8b
Multi-hit ballistic face shield-visor for Ops-Core FAST helmet,0,0,0,d31874796b85dcdada31ab1ad57d669f,2f1b3e7abb07abb4d60963758c716ba5
Ops-Core FAST Visor,"15,547","7,774","7,253",9657494150d37a8745058874bcd38ec9,2f1b3e7abb07abb4d60963758c716ba5
Ops-Core Fast GUNSIGHT Mandible,0,0,0,fa742e4b143cfffd1b7229c4624b4134,18ac5aba9d4cb517d554733de0b1fb8f
Ops-Core Fast MT SUPER HIGH CUT Helmet,0,0,0,7f4931fcc057aeafef484de1edd08b00,350c3ed88794b97047b5d6803a9d02aa
Ops-Core Fast MT SUPER HIGH CUT Helmet Tan,0,0,0,4fe259b92b1253c7e85865b463bb0912,6e8f7c06914a5318c074410d6857416a
Ops-Core Fast Side Armor,0,0,0,867ecbd8b94af089ec88d2896bec890a,abebfd141c38e4a29e6a4751c2b90fd0
PACA Soft Armor,"36,644","4,072","32,76",52b73e2090f147529d7a15a94e0800e4,47fb9cf0afb08f0b0ba69ba8e6c6f736
"PSH-97 ""Djeta"" helmet",0,0,0,632a6932241218d1a775264b071ee5dc,a2f4311dfcbce9a123251a3d22bb4b80
Rys-T face shield,"79,46","39,73","49,265",20d79b0503dc4c316e2063050d9484e8,04bb540d9450cfdd0258667bdc6fbf28
Rys-T helmet,0,0,0,No hash,No hash
SHPM Firefighter's helmet,0,0,0,9a6b7455b4523d1da7370cfea7d11e5c,7c72f923fd84e3b6eb70ca41261e8f75
SLAAP armor Plate (Tan),0,0,0,25e46662bc490cd0b3c1cebd6f5bdde3,83e55bcac7d9db19b1b8f29b071e60af
SSSh-95 Sfera-S (Sphere-S),0,0,0,15fdfd7cd94297aa90488b65f893bd28,d657398a982563fb53173df36a375f0c
SSh-68 helmet (1968 steel helmet),0,0,0,6d16d91dae47373ddee5f8257a21e294,7c06dec4d171c421defecd26dbd7c296
Soft tank crew helmet TSH-4M-L,0,0,0,e45f12b648a20dd4f8475297f2d87f4b,5f759b17309c327da1858bcc815eca35
TW EXFIL Ballistic helmet face shield (black),0,0,0,3e1480ca00ea51a7a4f214963ef1c8e4,2f30592bf89c6562e0db1a7a25f6bf5f
TW EXFIL Ballistic helmet face shield (coyote),0,0,0,6bb7904f61f58b458ca172bec69f68ff,45f2eeb62a77796658eb16a39a456ca3
TW EXFIL Ear Covers Black,"31,781","7,945","24,304",e81d7746eadf7374cc87c6163101df37,aa02e57a57cb4e7f2dad6968dfa19d21
TW EXFIL Ear Covers Coyote,"28,806","7,202","24,304",e8638a43ee171e124efee76df4eccec5,cd362499455460327ef6a1ce1de18917
Tac-Kek Fast MT Helmet (non-ballistic replica),0,0,0,203acfe3e4d3ada0cbc3f46f66553f61,a440cb3b41ae472bccc4a51660513cba
Tac-Kek Heavy Trooper mask,"73,314","18,329","37,82",f158318bd4851082264121d9e5de872f,9e5dbf8fc13186057c0b551906c0e2b4
Team Wendy EXFIL Ballistic Helmet Black,"131,2","32,8","81,344",36f4f6f7a34f8e0432ade9a369935157,2f30592bf89c6562e0db1a7a25f6bf5f
Team Wendy EXFIL Ballistic Helmet Coyote,"131,2","32,8","81,344",1d0302257bb56f9a50448540df05e06c,45f2eeb62a77796658eb16a39a456ca3
UNTAR helmet,"24,715","6,179","13,265",e77534fda7ebe2d84a945c73629e724a,0d29e1cfb08ef8e337f4f9a35920a7f3
Vulkan-5 (LShZ-5) heavy helmet,0,0,0,93c16fe9fd43a4c3bd7ddb92fbe8021d,a7af1f56a31e24b7d5eab09a0135ac93
Vulkan-5 face shield,"41,706","20,853","33,678",e9ba35f19855fc00b9dbd51d15d82ef1,71c50902165832ea3872dc632500260c
ZSh-1-2M face shield,"34,904","17,452","10,758",ea00d823f9368e21c7d45ea7dd788b3e,81801d982f9bada86209d1f4d3eb46ca
ZSh-1-2M helmet,"37,811","9,453","33,331",1686ac97294d86b8c669a1041d6a9cc5,f0bf65bca9ab0b0d60e5e9a5e36fd750
ZSh-1-2M helmet (black),0,0,0,1c489fcb3f0497892275101d5f281de0,c4b7935c34ca380f0658b857aa5d063e
Zhuk-3 Press armor,0,0,0,db734e55dc4e0caa49611e42574467fe,6f4f95335af98452e3b228c154491274
Zhuk-6a heavy armor,0,0,0,674c1f898fa104b0e1195bb64a856bf2,2c4807694195fca1c9302186ac98ae3b
GSSh-01 active headset,"13,268","3,317","7,416",cf8725240a2b83f7edc957ca252b7ed5,b5ab39e161f665662dc8160019a5bfd1
MSA Sordin Supreme PRO-X/L active headphones,0,0,0,2850a9e7a7042845de2efd3690a39b11,91f0827c7ff23b0c9eb3b609fd4928fc
Ops-Core FAST RAC Headset,"28,626","14,313","28,914",b3ef9812176748537f6ca765c28825bd,2a534c53007c6fcb797675abaa103266
Peltor ComTac 2 headset,"27,545","6,886","13,46",efde8c5d69ef1e4bb1fa64a7e18c88c4,326d04e9e2e580afce5e68ac8c0acf80
Peltor Tactical Sport headset,"22,074","5,519","21,39",2ecdbd1ffa2bbe579886012c21bff2cd,38316221f93642ffdfdba743c78562b4
Walker's Razor Digital headset,"28,214","7,054","18,662",bb76dba0dd1f984a10d90b38f9c7e2f7,d104a97f50f1aa2905e8e2ca8450a2b8
Walker's XCEL 500BT Digital headset,"37,412","9,353","22,382",a24f7da3fbfc1f29110369606eac616f,088a82b7cd495dd8d3c1540c6bbe5ada
3V G Paratus 3-Day Operator's Tactical Backpack,0,0,0,baa5708594d3262909b99b1930b4c0e6,457f0601efb06c41914fc7739a4c36b7
6SH118 raid backpack,0,0,0,fbcaa97e284be09ad81c0092953f50dc,f726a939d670d578239849f9fff252d0
Ana tactical Beta 2 battle backpack,0,0,0,dc4595daf611a6e8fdf72a19093d7439,ae9440f1313543926ddcb1af5eb34eb5
Camelbak Tri-Zip Backpack,0,0,0,f4d64ea5613da1b294931ea6e3287f3a,e839510f4ac446e47506db6d8b506720
Duffle bag,"12,318","1,027","1,287",6873208558653045cff2f4ff9556c7b3,eb1b36c789f7baab1a357d2d09e981b8
Eberlestock F4 Terminator load bearing backpack (tiger stripe),0,0,0,1b60ec82362f323ddc229c38bf6c640f,7911fe622face39dd99e1d03126f81b3
Eberlestock F5 Switchblade backpack (dry earth),0,0,0,b534c777a9c1010b20d9afbc38ef9765,109e808538862fcb4867ca497934cd57
Flyye MBSS Backpack,0,0,0,357360b0841a50a990d67eac179bafea,a29a7a5fd61f424d21a762909894dc7f
LBT-2670 Slim Field Med Pack,"110,808","5,54","55,8",fe558026b5c0f34656387d6c662d7220,f1a89c11b9f985ce8ecc5504520c3869
LBT-8005A Day Pack backpack,"19,727",986,"14,012",41c8c43c874221df28583184c3838e06,ea7eae0c3bfb2898410965b72a299fa1
LK 3F Transfer tourist backpack,0,0,0,650091dcca2cdbf130cf09d7fffdad2e,1f65645ab2c5957b2322028589e7ca00
Mystery Ranch Blackjack 50 backpack (multicam),0,0,0,4b223d54f7f26411eb7fb7b01d3e4d6f,6a7aa2066681e2e2ad6d50a825b0d5c2
Oakley Mechanism heavy duty backpack (black),0,0,0,ff1d22d711c1e1feb6433ed8a9dbd8ff,88f9eef01fc13f41c90164c8a0fb5bfa
Pilgrim tourist backpack,"61,888","1,768","27,01",698fad68ad4329de8dbd77000d5cf7f4,c42f8e215c475adb656c2597b96c2268
"SSO ""Attack 2"" raid backpack","70,5","2,014","43,71",7195a284b4cbbbb9c885fc205de49131,a9b62236640bef4caa40ed5287fefc61
Sanitar bag,0,0,0,994dd039bb49ce4c0ee37e670bc8d879,c6af4d13f34c157dbf24d42cb7477b5d
Scav Backpack,0,0,0,71bd53ee056e95271ec1a9954bc959ce,a0b024701ca55b0ff7782b092ecb7df1
Tactical sling bag,"5,378",598,"1,143",3d640ae03b507416b8b6c7b898be7b60,861057a35e3ee8d889fb2dff3e8901de
Transformer Bag,"3,35",372,"1,135",980c5243dca02e223f577dadc04510f5,2edb1193f2d425de6375309c4a9fe09e
VKBO army bag,"12,784","1,065","1,513",ebff3c3c4986a7d5e9c3540297a0a6da,c16311276ad3c5b37b2442f141713260
Wartech Berkut VV-102 backpack,0,0,0,99f1ad71d62593fe372509f1a68f8636,bed5842af52006179de43b9d39e3f270
5.11 Tactec plate carrier,0,0,0,cfd16d9f3b1cca5f78f475c614e54a54,c81f7dc96a2d982065a331dae198d21d
6B3TM-01M armored rig,"58,887","4,907","28,086",8cef1fc9cd2b10e8bfac77b7e68247b9,ef35141ce7bf40e0723068b3838a120b
"6B5-15 Zh -86 ""Uley"" armored rig","48,587","4,049","36,766",997d316c0f5ffae1e8d51b82d7047d43,bd011abbcefe5f601d2fedd03a0c7753
"6B5-16 Zh -86 ""Uley"" armored rig","90,053","7,504","25,73",9b3e2bbba1d02e67a1f5b06a26bfc533,bd011abbcefe5f601d2fedd03a0c7753
ANA Tactical Alpha chest rig,"36,728","2,296","28,588",2e6710cf7fb7561d484fa6c47aa1c53c,5f6003008c8500dfc1c8fcd31da2b3a6
ANA Tactical M1 armored rig,"109,365","6,835","50,387",22b55c4b48f0616c74262f11984c86f9,678fb9194fc5d8ee3ed6375112e7b45f
ANA Tactical M2 armored rig,"84,633","5,29","42,587",efa1b135860cbd8a038b5a8f93072393,d273d4dfb0272b13d69f270ea53bda71
Ars Arma A18 Skanda plate carrier,107,"8,917","66,34",f6a96b8360b191795311d4f7c532f50c,d273d4dfb0272b13d69f270ea53bda71
Ars Arma CPC MOD.2 plate carrier,139,"11,583","86,18",a1dbcfee3ff3c02aced1600788a356e2,f95380098905f2d6b9ceeb7414dcba7d
Belt-A + Belt-B gear rig,"34,629","2,164","34,162",4a4f4ddaf1f521dc378ad1f5a50056cc,fd111fa25b31a688deebd401053559e6
BlackRock chest rig,"34,135","2,845","25,234",2eb9d117de3b5300cec7938bddba0630,fbee83e6f932e81b40a6a6881f1c6db9
Blackhawk! Commando Chest Harness,0,0,0,94ae7937c0cda19bfbac301609d95bf7,007d2ae3f1d9db80f1a6ff0073b8f4ce
Blackhawk! Commando Chest Harness (black),0,0,0,5ea5703dd3b36be59dedf48cb46659d3,f2bd3dae86f329ad82dacec0c8af1a15
Crye Precision AVS platecarrier,0,0,0,1cd3acb100fa3d4c6ec666c4c612c8a2,3b19c15c9a530ceeedea5bb99edc9e5e
DIY IDEA chest rig,"9,041","1,507","3,1",eea4fb3bfc8aa68382c29eef6cff755d,421dba547b51697c619ee998be7f24e6
Direct Action Thunderbolt compact chest rig,"19,235","2,137","18,352",cc20deb57246b64f45a6799255bd9cf9,186d9e8d5e12a38911b0da0b39fc4c78
Gear Craft GC-BSS-MK1 rig,0,0,0,8538a8f1d9402f8633452f42558770b9,6a7a131607255d2d85e843750ba6edcb
Haley Strategic D3CRX Chest Harness,"24,789","2,754","24,49",a003c35e535b7030cb7426a76af50d5a,4484cf9d7d4cd1c0c7c69b6aed2045c4
LBT-1961A Load Bearing Chest Vest,0,0,0,b67ea1953a376c5f03461287ce6c5347,c9bbcf00ba4f904f6d65d16706aa4a15
SOE Micro Rig,"10,135","1,689","5,952",3113968f7322a0bd068e6b124cd7a976,61e779aa7351d987dc1bfbe2db38ae61
Scav Vest,"19,472","3,245","2,603",0134e31ebf6bd081ae74a7dba6bd7a4a,14045f811c522747a3a1a56b40084460
Security vest,"11,968","1,995","2,418",8434b3c9268e1f5df53eb1475f4fa34c,a259bb6c6106b0a8f8077ba75314a24f
Spiritus Systems Bank Robber Chest Rig,0,0,0,5b1ffdb186ccafe4086f19c17677b7a1,9b7e3c3fc6ff7b223f8028599098cc58
Splav Tarzan M22 Rig,0,0,0,3f594a94ef67edefcbae847852a7caee,e90cd8352f8ce5b9cb876ca43487ad4e
Triton M43-A Chest Harness,0,0,0,0b9e0aaa00d795eaba79ae01feb44aa2,dfa7fa1447bd15ab0a126df4db129dc9
UMTBS 6sh112 Scout-Sniper,"14,842","1,237","13,282",03cd6d99e45fd9617cd781df53cb9b83,bdca97e03bb7cf632bd623654127a035
Velocity Systems Multi-Purpose Patrol Vest,0,0,0,8824c4c1244301f30b45d132167c2ffa,e66682090de1b9c93d591aa60776a591
Wartech MK3 chest rig (TV-104),0,0,0,cc408dcf50c5581a0aebcb638686d92d,5c49da3bff6c7f00a17f6f7e9cd5f5ee
Wartech TV-110 plate carrier,0,0,0,d384ce44d8d60a341659d7751cdd6ba3,05fae067ddbbb4b5fd480ebd65298d08
"Wartech gear rig (TV-109, TV-106)",0,0,0,8349f1d4b8c815577ba4f1bf4f841f83,4e5c13dba91805de226e50d23a7f19ca
"""Door Kicker"" Boonie hat",0,0,0,98e09a9425e32adcf28475015a02dc89,79dca6ce5d1824b51600f05851d67d88
6B34 Anti-fragmentation glasses,0,0,0,7de17f7ae6bc67cc944ef6e3a748ecc1,8df04f753e0a27e019a3d6ecf1260e9c
Anti-fragmentation glasses,"10,128","5,064","1,352",a9e5693722d00ba72309fafe4edb02c2,ba139f165d5742de18da32818627b413
Armasight NVG mask,0,0,0,06f14667f1bb8c859be55a8cfc93d6e3,f3c3528d1ae327a68c6121527655c108
Army cap,"7,249","7,249","1,459",afed6e74836e562585676c19e5645c01,9bf8380a3ef032280997dd00ebc8c81c
BEAR baseball cap,"4,9","4,9","1,133",f2e684d6fe4772e1aece4872834be522,d95ff05f00a927e98f3c343ca6df214e
BEAR baseball cap black,0,0,0,61ad6097f01452512c1227df435b9dfe,b03fe56ed95f524f8c338ed7ce4c0999
Balaclava,"3,33","3,33","1,605",1d602793435854ce2743bc8e1c0f15b3,ec0a572d14e23c936bfca890f72cfb98
Bandana,"5,973","5,973","1,237",2cd2c4b61422b5e56aa0302f7366eb74,0195360a0ef0aa31d323ae5aad803415
Baseball cap,11,11,633,6fdf4e5b100edbf262334e10aef756fc,d443a52ae2be766e3e83bb24ddd0a9b9
Beanie,"3,566","3,566",663,0c68cc190613cf1bd66b9bf07ff0021c,c7d8c9b4cf1f8a49c4190d8eb7c34e5f
Black beret,0,0,0,7dafe770bfff9e26928e7b5276363d54,0beb99a03e81e70b74d99ac65e6bccfd
Blue beret,0,0,0,95db69f1895cce89142a8e748e6faeb8,7044b492d2cf6bfcf0ba8bbdfa4dfa52
Cold Fear Infrared balaclava,0,0,0,5622a9ed5e008fc56d306fc9473d43e6,fcc328a3cd4dd7386e0dcea02ae28ed2
Crossbow tactical glasses,"7,463","3,732","2,17",17d8eee6d0eca1428395bf188fe4ffa9,765b3c119ac814e709a9628dc64d76b8
Deadly skull mask,0,0,0,8f664c22a5cd90ee33855f32658c6ee6,46b3d88d8cc1ab04bd11a88141ca40c4
Ded Moroz hat,"3,856","3,856",310,4ed66a69760add566221dd1f2e9bf612,147ddd2c9bbacd93713ce69c1e95d818
Dundukk sport sunglasses,"2,226","1,113","1,257",075d6761d140173b55dc41961cf47589,39cc3f303aa6236fefa5c8b3886dee5c
EmerCom cap,0,0,0,02ab66d5331a348a8dad1113f1f66f55,2e2545c10e19df0679d57cfe2de9fb13
Fake mustache,"14,391","14,391","14,067",a73fb3e63444a9510f635109184ac980,3ac8c6ccc4e3027a1bd018987b5f7ec9
Fake white beard,"8,152","4,076","4,65",ff96cfb71609973d14f99ce56bd93313,da127fe92af4aacb61484a7e2feae718
GP-5 gasmask,"26,214","6,554","3,959",7e084230ac48ce10fe01b167ef0a94ac,14d262bd084317236520dd9cd24be67e
Gascan glasses,"5,315","2,658","3,472",da82db09262fe8db79581149adb22608,78eaa9fa905cb1f7743e977fa6e5677a
Ghost balaclava,11,11,"4,209",0a71ee2c2008f29905b92b708be8e3a0,8283b73e4b71f154f31fec7ec32ab355
Jason mask,"10,559","2,64","9,3",e7638377ecf9ef90afeba7dae5735ad7,acc8cd12b767325c44cf2f45da0251e0
Kinda cowboy hat,"12,617","3,154","12,098",fa2a4284c892eacdef4e5a3d4903fffc,6ca04102c01bff06657a572751a86b77
Kotton beanie,"15,112","15,112","14,884",3691ef68030deca9ed411d13b076c0c7,51eb35d22236ee35ec246ae69cb1f55e
LSHZ-2DTM Cover,0,0,0,4beec3ee642f146b605c3f1562d6ce45,50855d28a8a75007c90725aeee21e86f
Lower half-mask,"8,807","8,807","1,621",1f9ef18422e5d3a55cf5de1e5f590a03,abdd8521e95c83a1f211543b37b2c917
Miltec panama hat,0,0,0,a2d5b181ee95ef9c786b60c119249957,e9e512b1b021f5c03751916abfc144b1
Misha Mayorov's mask,0,0,0,d05f1d4bd3f5768fbbdad7ab77212711,ec05a5445a57cff527f8c53517fd3930
Momex balaclava,"5,966","5,966","1,991",bcb429a49308f45ffc1e329d862d68fe,30a9e4fd1b14edcc17dfbe839f76475f
Neoprene mask,"11,185","11,185","3,251",43b2f6304ffc498a2c798380fd0c0b00,1d3b99ab610118a1f1cc7c008f8fa29a
Olive beret,0,0,0,2bfe9787ad04dd55abb7fcb100fb66c4,3375106183863cdd61ec3ade3b9e2b2c
Pestily plague mask,"57,713","14,428","58,838",7195a284b4cbbbb9c885fc205de49131,6639e9e7dcf5b1bd353b0928e38febf5
Police cap,"2,917","2,917",933,416431ea0587f3663e6b009ba7fdd0d5,9af5b5f5babfc78a6603a991b56a72bc
Pompon hat,"7,831","7,831","2,827",e78789f42c1a2918a1d923e7164db0a5,43064676eee7512c4b8d7a288010b395
Pyramex Proximity safety glasses,"4,7","2,35","1,984",304ae240b6abd654c6c55a96b72f8a88,6196aa90231fde78ef38f6e30da9e515
RayBench Aviator glasses,"6,736","3,368","4,154",805879063c04c233f85c42c246d33405,271cd7c4dbb1aa5c7243f69dc1f5d4fb
RayBench Hipster Reserve sunglasses,"10,171","5,086","2,22",5c717db836d12254f9a4f5c9e65fbef3,ff640e9490187546cff0780267726f6a
Respirator,"8,235","2,059","1,107",f723fb2daab0850b70c216a8a1c08c64,da0142eee54162b8c946d973b71f2670
Rivals 2020 beanie,20,20,"12,4",No hash,No hash
Rivals 2020 cap,20,20,"12,4",No hash,No hash
Round frame sunglasses,"10,915","5,458","1,912",d67fe5d2aa62d74959c0cfdd3d5c471b,4851c49ecf1a79f4250b8487f7bcb48c
SI M Frame safety glasses,0,0,0,f86cc2d74438b7fc91e1a34042f8782f,No hash
Santa's hat,"8,953","8,953",310,811c16e6182c24aa026b77c53ddf4530,c03d1c3e8b0cf669f77696a49a1909ec
Shemagh,"14,905","14,905","2,64",f8bbc6cd85e609751a81fe8d17c966b1,17d39792e659ab36e93d340b33fa364d
Shemagh (var. 2),0,0,0,193e93efab4860cc478891deeea6c839,c615c06315b4ee9f5c7231c77ae335f4
Shroud half-mask,"25,858","25,858","26,04",b7c7d236c0982f2aa57fd42c912acf2f,e9557c27fd6f8d08b338ea63acad796d
Ski hat with holes for eyes,"3,79","3,79","3,445",3fcc09988a1273d2fb11cf059f01f916,ca66b06bc74721f4ea1fbfe7c47e345e
Slender mask,"14,697","3,674","9,92",6c284a65132670d8a260b8ed14f9db5d,2b94897534d2a6232c0ae206adad7343
Smoke balaclava,"27,055","27,055","27,466",9b7c01f192f57f5d3d19b1c7445be13c,13ace13e07e9fa28b2ffaae80c26f88a
Tactical fleece hat,0,0,0,19c0252fadbbd2a89281272b82279d47,c45d59094eb695049554299e41867c9f
Tactical glasses,"2,104","1,052","1,035",f8b79662dd0303495ea34123a27b4193,8d430f1d7d2ae8ae284281005954009e
Twitch Rivals 2020 glasses,435,"217,5","15,872",750999aabe4b94301a9d97925b569c80,No hash
Twitch Rivals 2020 half mask,"86,06","86,06","19,84",6e9448c363073adb60004cb47d5fbd91,No hash
Twitch Rivals 2020 mask,24,24,"14,88",No hash,227fae3c811ff48e57cdf8bfc222fc15
USEC baseball cap,"3,403","3,403","1,018",432be0628f394db2e37055d9981af87e,227fae3c811ff48e57cdf8bfc222fc15
USEC baseball cap black,0,0,0,c5f7a85b4e7ee15684d574b7eb07e52b,fc16f48d417fd0e2fd72c30e5e5257d2
UX PRO Beanie,0,0,0,e996110027f552c756369b358ee975fc,deb447eacfe8fd28a586def73ec2244d
Ushanka ear-flap cap,0,0,0,5d06c1813993232d12275a6e7023d7e1,e8ebdeaaf759943d9383ed297e903f80
Wilcox Skull Lock head mount,"13,041","3,26","12,229",46960a2fd98e5b04490e99a8e969edfc,06390e2194ae1e30a600920c9e0c7acc
3-(b-TG),"30,536","30,536","14,874",c61d92e96df8e057c4fd415fb6343468,bcc243bbfc218da4c8a6cd5daa0ac95d
AHF1-M,"24,246","24,246","22,05",c30be9a8fd10491323569d2572d1a936,dd1708b90295d4111f8572a14c427c9e
AI-2 medikit,0,0,0,ced11cbe99350c5b2e8eb1ee16b01597,5c9cd3999f967801c916349f10e31624
Adrenaline injector,"15,071","15,071","15,246",943790ac78feae79044cad951f3a69ba,412377d7e9efdcd4ced55c8d52efa1fb
Analgin painkillers,"5,705","5,705","2,394",d905a3aef1a44eaa186663eefa5b5b28,990ab7ffb43f040745df1954ba4c6ccd
Antidote xTG-12,0,0,0,17cfbbc0848dc995393e826bbba95610,a62c25ace9b40cbb7efdccb4fb09b0ca
Army bandage,"2,387","2,387","1,153",f4080fdeb2ceaaa49ef201c5af49236e,84b80f6ef752a2ece0d177812bb0ba9c
Aseptic bandage,"2,105","2,105",819,06f604e91cec051858ff536d1258a14f,85675c20c8527dcf1193d9d96aebe948
Augmentin antibiotic pills,"9,812","9,812","5,78",ef43813a8ce73a0a97907db52dc75f3d,f9cb57690edb6b7eb8cbd7bea0295375
CALOK-B Hemostatic,0,0,0,c0e1785558e89cd9099504ed941f87d6,034c5e508e1bae4f0703973c0b9c4cf6
CMS kit,0,0,0,882f663002c875fb77511781967b8ccb,0fbe5c93c728be15e4789399fa490974
Car first aid kit,"7,167","3,584","3,638",ff67de4bee2b2fe24e764c4ae8686395,871cc0193ec0602629aea2d4644845bd
"Cocktail ""Obdolbos""",0,0,0,89c79ecc82331d2090465093751db961,da97d81705f3c18046957b7467ecb87f
Combat stimulant injector SJ1 TGLabs,0,0,0,ef21c1276e2b77748c0259b498cf4564,06365ff391982a93c5cd62dd7da2259e
Combat stimulant injector SJ6 TGLabs,0,0,0,8a4d7bbbd399f134e84cc379c8a030e1,6e4e47e794ff81a666567849128811b5
Combat stimulant injector SJ9 TGLabs,0,0,0,No hash,No hash
Esmarch tourniquet,"2,127","2,127",756,b5f29eb73e9036c1a83dc65dbd2e535c,1ad673f42c036e3cf8acfe84d763ee17
Golden Star Balm,0,0,0,d2e9d36eb3551e587f914b1ec66b0396,a8d121dad305372c806f8494ae52c3ab
Grizzly First Aid Kit,0,0,0,072568f1de99d7dff6a1918a98e2d4bd,98657760fd8ae0381cfb6a944907ec07
Hemostatic drug Zagustin,0,0,0,9501e56834b315b1897f1e24df13f642,7e8f9fb23d5227abff4decc4ce3ae8b0
IFAK personal tactical first aid kit,0,0,0,c61c56b39c69668fb7c1888793278658,0e1434d19c5dd94e6faecf02f1f115fc
Ibuprofen painkillers,"33,968","33,968","10,598",9a5334ed48973e064c9f3f1a1c7c18c7,2a803028972e79e108051ca2bc921b6f
Immobilizing splint,"2,637","2,637","1,169",6f42a216541ead6956bd9ad60b523149,598aec33f6df22c4095e7963ff354951
Immobilizing splint,"2,637","2,637","1,169",6f42a216541ead6956bd9ad60b523149,598aec33f6df22c4095e7963ff354951
L1 (Norepinephrine),"18,898","18,898","18,207",584adff378e69c5f08703326201b64c4,6e75eba761c464fb3f611aa8d02e9998
M.U.L.E. stimulator,0,0,0,bca2513457d9c27ae99cc21954251454,f18b89d59dca30c02d806cf2817032d5
Meldonin,"37,833","37,833","27,09",d68505d9a8194dea891d2a44f6a16bb9,1a1fdc41c9f2a0a8debee4c507d7deb6
Morphine injector,"10,947","10,947","10,628",1d91633cc948ce933f9bc9fea38cdf35,c4d8d47f890ca4fa3647402c7f258494
P22,"13,122","13,122",875,cd91d234581fad10def96459202254b1,5ca0f446a3377f3af7334a5fe405a1ce
Propital,"18,189","18,189","10,206",4b18eae95bb50ca66238e6ec09f8fae6,5cd194e5d3f89df1177a3611f5cc10ff
Regenerative stimulant injector eTG-change,0,0,0,f83e566e67685e839ee314d0e61bf669,1e379f9ebd846cef39cb3bd9dc5c5dab
Salewa FIRST AID KIT,0,0,0,06393da775e31c78c705af8272f985ae,603dd8b854ffcc47fc4992c10e237431
Sanitar first aid kit,0,0,0,No hash,No hash
Sanitar kit,0,0,0,No hash,No hash
Surv12 field surgical kit,"32,015","10,672","28,35",9fc22b911e2247214b1e6f45ae18f0cc,2a64a902a61cc3499947a3c255466124
Vaseline,"23,464","23,464","6,234",51d4a6bf24313724073c82f59351b6b0,4bc06933c66a978edfc946d74d0cd7db
"""Fierce Hatchling"" moonshine","255,568","127,784",126,02b842ac7f2cd86bd7aca7c5e0fb9404,78c860110785fb8fe1b604fa5803d7e2
0.6L water bottle,0,0,0,3c042a229b2a6545c3bb3e52b79b431e,206adcb4d149512e9a21d6c445ce6ca3
Alyonka chocolate bar,"16,82","16,82","4,084",606830b1f0e231e38d1ee4e01cde6f3c,0633deeebdedf87205e266223a8406c4
Apple juice,0,0,0,3b6c2bb9cb14e5287313d50099e931ef,2d5b265d0d9d604434c1d3e2295e7917
Army Crackers,0,0,0,dffb6c62c925ad24d3d9785c3ead38c9,f4e829646c2eefd93aff3117ac0fdb23
Bottle of Dan Jackiel Whiskey,0,0,0,bb8e49d61d78f3073b017016bc1c7d11,0eeb0772e4250aa0c59056a196e0e48e
Bottle of vodka Tarkovskaya,0,0,0,21e9c5c86d88644f0e442cdc2b67ed62,ebe8866876e7198afb2cc3691cf16b21
Can of beef stew,"9,752","9,752","7,089",3ac587446cef44159b10f5a21bb88964,9f33bb89a8eb8a209f52bef7890c3b12
Can of delicious beef stew,0,0,0,f23a60c11f4edd8d2b341a09a56188f8,9f33bb89a8eb8a209f52bef7890c3b12
Can of green peas,"10,687","10,687","4,095",a684bd3556602f5d56efdcaeb1da965d,90a7a04573ec833baa73a7caf1eef7e4
Can of herring,"15,66","15,66","1,857",384065e47052790cb5697217382abb83,67dd552883c7f994f460652176ae33e8
Can of pacific saury,"10,185","10,185","1,61",04e63748363fe805709a9258c2366015,b7fdb7cd1546c3a7d018181bb81ab502
Can of sprats,"9,796","9,796","6,3",50ea2fd2704aa900ce5b76b8071695a9,926c45406a15095a8bc2e2c1f6aba12e
Condensed milk,0,0,0,316c1023a7bf353ab5adbc41c6d6611f,276e1f0384e9b5f3ade0743e454471d3
Emelya rye croutons,"4,184","4,184",188,79769bac38b992aaeb7f0c92f31d902e,d4915afd57c0e238baf8bd0d1eda1574
Grand juice,0,0,0,a98eeed780c1fd3271d75331d008af54,2952d3f349e112fc415160f6c566ce34
Green Ice,0,0,0,c25211bbbba9d5153d80ff1ca15d1f27,51f8ed4eb74c19c246a2d21d4a59c0d4
Hot Rod,0,0,0,f303cd6c9f9ed4296f433f6451151446,d3f61f60dc7d65bfc83ddefd9c911b9c
Humpback salmon,0,0,0,191ed9bb1d377a48dd67282863a24168,e8c36267f33e84874367a3d4986e5a29
Iskra lunch box,0,0,0,464ccf4675e359498681e2a60accb9e2,801193ec389bfecde5a0c3c70c3de10d
Jar of DevilDog mayo,"11,789","11,789","9,45",39fe751bae2c7812d363e8570d927402,bd6a7373b517c375c8c05291ab2eb60e
MRE lunch box,0,0,0,dd4e6374037b83ffb76ffd5929cccc55,5c5627de9f8e3f723f4692d3117e0148
Max energy,0,0,0,42880771529e2ea9ab527b6e69c4b8ce,b9495b49e6c253fbba93cedb322dab7d
Pack of milk,"16,075","8,038","2,994",a2abee714864e33316c05e7e0e77ba97,e2684cbaba8ba1dc712d6ea67a448c17
Pack of oat flakes,"18,308","9,154","3,508",cd0eb99cf543000e99fae48499ee00cb,58de6335382984aab0de5b465c239964
Pack of sugar,"22,983","22,983","10,388",a6823b3d2bbc302dd19541299f105e21,fbe27d9ec5b95a8e0b9b7a145db8bbb9
"Premium Kvass ""Norvinskiy Yadreniy"" 0.6L bottle","11,202","5,601","5,355",e5220de39636882e409e2f9f6f6e2b26,fbf067c71159920b6b6fe51ddb08c3cf
Purified water,"177,643","44,411","31,5",6bddb27fe2fc4670603cb7a5ce8f6bb4,fd54df06cf4571a48f0efe0e79ca2007
Russian Army pineapple juice,0,0,0,4d40674a655dd992ad98bd038470a12c,437e1c4300254b0cefe3940e936d812c
Rye croutons,"15,871","15,871",315,efdb2c30b646841a781efd811d156297,4e9f2cfe490f145f181c5a6d08c92f7a
Slickers bar,0,0,0,dba85e9480535552e554b7849eece4d0,9244f5a2fdab27d7b55fe56ea7842d05
Squash spread,0,0,0,b9322cc2f89524e6a0da3850bdad7e3c,a42e796c6693c7cab0995ffaf73b128d
TarCola,0,0,0,cf7971f2a6227cca9e71cabe2657c69b,8324dc052359e4ca26986011f71f072c
Vita juice,0,0,0,9c42ba980b015ff39bbcc744fb7d7cc6,aa145b2d4ceac61f5931b6553a58518c
Water bottle with a filter Aquamari,0,0,0,69a7ec9d2d1290153b8199c6b81f1227,a3bc338b55d7c9df68d39341fb733d18
Ammo case,0,0,0,d1c18b96b7315ccf2c98bb572ecb2be1,cfdb5fb8277df216319b83d511c8f3fa
Documents case,"396,498","198,249","105,505",2e56ca75d3db50bfc20d570fe8bd4b5c,b8c7d459fb0fa21353152e2731c87cce
Dogtag case,"349,255","349,255","195,3",9fe5e728b4914db1147ea8e781c47ae5,8bbcd9548106bc8e40e1124127d45c65
Empty Wallet,0,0,0,f7a30335a9feba7439e7438f8c2112ad,4e3b0cceaa958c6121ed94434240441a
Grenade case,"315,489","35,054","321,3",4aad4e76bc9f78e1790c5cc773a29f04,c22465a4c6badb67d8dad499f72f096a
Items case,0,0,0,e0902f89f99f4f9671e17cba04fe2b4b,a7bb66f498f88e29f953361baee66113
Keytool,"850,242","850,242","471,525",9425f4c5c25b7b6089a5f7eb23788e2a,9f2732fa2c15638c04db8dcf28c06c08
Lucky Scav junkbox,0,0,0,632275c0d5445af4fa9d039d9eff1efc,561ba58f56d1b6b49eff6f6c47aa9097
Magazine case,"289,001","48,167","148,05",014f646a1ec7297ce17a7a4a45fdea83,486ca10122378dcdaa245d28343bccde
Meds case,0,0,0,75b6edfddf8b909efbb68be3ccaf484e,8bfd901c15284814bcbde7fe294c2331
Money case,"398,201","66,367","250,867",468b8d1317019a3460747229b12d4cff,be323e4d63df3c05bd0215614ab4a03e
Mr. Holodilnick thermobag,0,0,0,31fd001944850dac559329c0f88a4c66,e3fda30ad70d41fb33ce0241e0daacd3
Secure container Alpha,360,90,"226,8",2dee9d97a2d8b477fb7e2509424f515e,09cddbcf17cecb93536095fc1435cd3e
Secure container Beta,750,125,"472,5",0af36d95c7a22ab718a0b5e5126334ae,1b8ddc5c19765b3143296a1cf330407d
Secure container Epsilon,"1,100,000","137,5",693,No hash,No hash
Secure container Gamma,"1,850,000","205,556","1,165,500",No hash,No hash
Secure container Kappa,"4,900,000","544,444","3,087,000",No hash,No hash
Small S I C C case,0,0,0,No hash,No hash
T H I C C Items case,0,0,0,261c93f1f2a7d0de2b30097c7b251d70,61003e506dd18e2c4b6bca2d11738b86
T H I C C Weapon case,"9,153,841","915,384","850,5",4d43d40fcce86ae8d6076028ce00cc32,44997874052c0112db7b9da8ae4376fe
Waist pouch,15,"3,75","9,3",No hash,No hash
Weapon case,"3,964,666","396,467","550,977",72abb23f344f311a1937ebdd7f3388de,3a2ff7a3a0fc5f36c982bbf6b27a8c3c
#FireKlean gun lube,0,0,0,5ec6dee2b423a50769a7dd7a1aad05f8,9b1f2583892fd2b21bc3c79ad2be23b0
42nd Signature Blend English Tea,"18,397","18,397","17,485",dd305c7de311a1ada043a3391ef448e0,52c3dfad4beb775b4cbcd21770d539e1
5L propane tank,"33,769","8,442","7,967",25c44c57f0f96051a3673070990577a4,71f73b8e69ae1fdb248e0e8152637c01
6-STEN-140-M military battery,"674,364","84,296","207,9",f966b6702f1f7f746435bb095cbd09d2,3be4b0b302c7818388f4ed7e5ed0c51e
A pack of nails,0,0,0,f177d035a1f4326da63c7298efebd88f,653c34129f8e5091eeb76b51063944b2
A pack of screws,0,0,0,f108577974b339263ce2a550395a7863,3db321447c7dca2389fd864cc9b675c3
A set of tools,0,0,0,c9a9388bec30b77acbf10a1ea3776644,0ad8f2e4b3d46ea3505a8b33bb8b4af6
AA Battery,"9,978","9,978",411,2ed28725efdf8d5881565ef8d9b7f8ca,914a006ef81c344ce4155356f3e80f2e
Air filter for gas mask,0,0,0,35fb04a498a88597d9f4d0dad120594d,84f4b5f3e1e16b11f72ed4e0b7ae8ee6
Analog thermometer,"28,526","14,263","28,728",1a532c00cfbc92504555f7186fdf737d,5809ec63691fe6fb62e1f0b10361b40c
Antique teapot,"30,175","15,088","29,547",21cf7008ab198527e330dae713f05fc3,1c0e6250b9a9d517e67654f65f1cc072
Antique vase,"41,852","10,463","42,714",4d34d4dbe1e219276693f674157dcc7c,cd8da05cda5811e53036a56261e6ae13
Apollon Soyuz cigarettes,0,0,0,47d311a70504c5edaba5e6f5ef8c2e46,5406a8ab793ae4a6f96dcddbb973fdef
Aramid fiber cloth,0,0,0,2b056378fc99c36a5e2392f19086b418,dafc3d62d5c2c33eec9c061b90e2c774
Battered antique Book,0,0,0,b5b739f9ba0527ca6c857427de25db86,827bf9872a5b6030ee4cf39b7e4507fd
Blood sample,0,0,0,No hash,No hash
Bolts,"29,88","29,88","6,93",4c4fabc0ee57d063f9d89941f5ffe472,cc946a8277a74e34e7d0d56943cddf28
Broken GPhone,"86,142","86,142","20,16",edc8d7bd4eeefeb8ea4edb6fcedb595f,009485f200cb4eb202ff34fb312f6a36
Broken GPhone X,"86,142","86,142","20,16",9ba376e52cdd386e2d5fb4079abad4bf,4ef09f41b8198aa9ee05c54d61d40b03
Broken LCD,"14,841","7,421","13,545",2a65be088ebbdc17549b89f66fe48fc5,184104e5109bbf81e34858f7f97c0e94
Bronze lion,"118,162","19,694","102,649",076e740d147faa04ff26a3667aee18f4,b7849dc451bc33f30d061cc03dfc2d19
Bronze pocket watch on a chain,0,0,0,No hash,No hash
CPU Fan,"16,213","16,213","2,942",8639c757db5a0efb5f1fcaaf382429fc,2bbbffddbb7e035dfb4e392e6ca05608
Can of Dr. Lupo's coffee beans,"31,754","31,754","32,76",0d99abfb1a2f8c569676a04bdbf7cff0,de3671491f14e919ffedb8ba1be3ee31
Capacitors,"10,917","10,917","1,575",56c516fcfda2d3339a7c1af0f2ed5f4b,b2248c3884ac5261847cbe30e07e37ef
Car battery,"57,46","9,577","38,785",8fbaa58edda3102a3db0170dc7270cbf,206f2d9cea4f402f3be9dee18b22ecb0
Cat figurine,"38,697","12,899","39,254",43b11c4106829e693571372c59f3a3bd,206f2d9cea4f402f3be9dee18b22ecb0
Chain with Prokill medallion,"60,589","60,589","53,55",2a15c9a35c1e10df2604bcb64eb69780,37952e8c39e19b6073b2ebda8285d542
Chainlet,"5,785","5,785","4,558",a205320ea1331a47fa94fbc79f1f1998,fc73b7c7f844a0c38149408f41c65780
Chemical container,0,0,0,No hash,No hash
Chemical container,0,0,0,No hash,No hash
Chemical container,0,0,0,No hash,No hash
Christmas tree decoration ball (red),0,0,0,No hash,No hash
Christmas tree decoration ball (silver),0,0,0,No hash,No hash
Christmas tree decoration ball (violet),0,0,0,No hash,No hash
Classic matches,"8,742","8,742","1,273",12089735c3d898f23ecab968d23608ad,98f1118295c011be7913ac3f0394146a
Clin wiper,0,0,0,aaf59af1db0ed7fdef568086b0db0d9c,785b265a325f1f2866b3614493bf0258
Coffee Majaica,0,0,0,908613e8986d737a3ce588388bade887,0f36c2a0c3eb5996763056598eb05d7e
Construction measuring tape,"5,008","5,008","1,114",d86dafe89990db01c0605dc0b02b8574,754aff1e7380ee4cee0f837c5b65abc5
Corrugated hose,"18,998","9,499","7,687",579266e0f38a38035569388d28730aa8,f1f8d6713b9d69f7793cdd42e92df0f5
Crickent lighter,"8,284","8,284",832,be1be4765fa6c50c62ba3631c89ad24b,968d3558426b32d6fa05ac0ab60fa5c2
Cyclon accumulator battery,0,0,0,869872266eb512ce6b4db21adccb74f2,68442445cd87314595a63a23ffec9c74
D Size Battery,0,0,0,43ae0ef89e25d12f0f0dbc15953eb2f4,51996058dd7ac71c9efb9aae22b3adfe
DVD drive,"9,101","4,551","5,226",b5129d43c8682e8993ab2104a1a20d13,b2fba758fd40857fe94e69df491c7b16
Damaged hard drive,"11,865","5,933","4,719",3db448abb11f4d7718857378c172d7c4,5bb2de5ae1cec212dfd73c0d735259c7
Deadlyslob's beard oil,"35,381","35,381","34,933",eab3520484f549f0479d2c66c9fc6f34,f851919425a7ff271e2cd279374b8934
Disposable syringe,"37,412","37,412","1,89",c7e85e33168372b9d0749799cb58239e,218ac80ff8360e95626bc4c948f12780
Dogtag BEAR,600,600,378,No hash,No hash
Dogtag USEC,600,600,378,No hash,No hash
Dry fuel,"27,714","27,714","26,57",b539d22348d2182f0a2d5968b2369290,ff6e5e6564589cf68e888ccbe64e514d
Duct tape,"13,066","13,066","1,574",fc2f2222d4408c53629545e24fa2f328,11b1c488ffbe67be321750910c308796
Electric drill,"41,24","10,31","20,754",b9be62a076bb3868392b66205e551b15,f3c67633e73e2b63d7e2cdcb974b24d9
Electric motor,"50,81","12,703","27,09",22b888b19a57059d710443c7812c8a08,7c74444c391978304d30bd1560bc46e0
Energy-saving lamp,"19,436","19,436","6,818",eff242e4e32b3117736838084321ff66,011ccb1aa3185fed9735d162a46602e4
Expeditionary fuel tank,"71,617","17,904","3,15",77a74dbae8500ccdb3ec0315ee024ee7,59262607bcdf6603bf20536d2405f9b4
FP-100 filter absorber,"111,539","12,393","51,66",46660d9c5a84d7c46dc1dc37824e0ca4,013a08c53359238623e4c5391a85aa90
Flat screwdriver,"7,362","3,681","8,316",dca7a99e39fe597b7e0a7731fe43d77c,67dfcde3a1a0eb341e368d0128c1d56a
Fleece cloth,0,0,0,192c02204d20e94162be79ae3a7a08b8,ff7b306fa0901dbac90b64686d1dce31
Fuel conditioner,"40,215","20,108","38,181",7af466633a839ac1b03f4cf3a0d079f5,2d4dc99828a59c3c4fbfb9d944698362
GP coin,31,31,"22,554",d919e7330cacbe4f1d335fae85da86eb,f156b5d7b4b986297a71b6456ee651c4
Gas analyzer,"15,571","7,786","13,669",2c42e76a69ea1eb45e1703ba6bed1eb0,760096d2335a7fec701e0b0999b9445d
Geiger-Muller counter,"16,314","8,157","10,511",fb979ca3710f9bdc9656bcf0a159c8d9,2deea5595b7ff331f521148d54f3e570
Gold skull ring,"61,889","61,889","34,65",eb28dd07a764cec21bf7f10701e4173e,d5a88667e2a79862361d36c99afc6d2b
Golden 1GPhone,"28,071","28,071","28,123",4c0869b867a5987b2237942827a3af4c,809a5e03a93ed1be2dd6248bb6aa8267
Golden neck chain,"30,171","30,171","24,052",ad558b7bcb253e3fb2d4e5a863f2fb69,8326afecc054167a9b5dc66b19fcee7a
Golden rooster,"56,172","14,043","57,057",a4817abf8fc2b2d4b579c3283d1ab309,da4da47ede2544b9dbbd1e4e8ad9d99d
Graphics card,"488,576","244,288","124,74",40e8db9c07b4eb5433a64dc6e2ca7f0d,1208e534b11d88b237f7853fc7e36cab
GreenBat lithium battery,"592,868","592,868","16,38",7c1fbfe9ae50937a353d4dbc77ca6b59,c4af5dba6f7316870c17b27e0597d49c
"Gunpowder ""Eagle""","28,499","14,25","20,16",78e2eaf3425361552a86ae9d90a30c0c,2b3accdbc7a03d200a9a0853ebade471
"Gunpowder ""Hawk""","31,627","15,814","22,05",dce557cad2c4268efa562a2355276509,49aed6f5cf8a63bf43c86abd1ede52b2
"Gunpowder ""Kite""","10,976","5,488","8,82",26c127134c9383561e01e399976a7a0f,3a70aca8e2d0e9160f1e0ad50217110f
Hand drill,"37,729","6,288","37,8",59f055fb5a420bc5ae096df806971235,07bc3a9c3eab0063ad9703910834a473
Heat-exchange alkali surface washer,0,0,0,0e258aeca49c6a84665e1614e8ba2d34,58ce3f15ee3c2a49fc4a31dfdb6be226
Horse figurine,"13,738","6,869","7,212",915387ec47f944578b98b1afaff0740c,4871bad447043b14f75ed42d71322844
Hunter matches,0,0,0,c3dbdf5c3a179a2c791b50927ce579be,1744a9e9126578bc1859b8df2d7df227
Hydrogen peroxide,0,0,0,306ecad37451334926d9b82c78240303,d9b5d4f6600a20acc0191b636928f1a1
Insulating tape,"10,056","10,056","1,272",fcd09e60812c69ea7df1caff9d8ec7ec,0b02683f2a0a8f882c890a0472720383
KEKTAPE duct tape,"18,922","18,922","15,12",e1fac2bb067d1d43130ec2b481998877,0b36c8f5e57a33e07a6cf42640e1e752
LEDX Skin Transilluminator,"1,021,134","1,021,134","305,55",87cfdf031e24d335c8ff36035ec03a50,4c2e938fd6c72318326442c660db80bb
Light bulb,"8,781","8,781","5,985",366412009e75d4667ffe77744f64f775,11371f78cd88488f4cd56dc2b24c8d7f
Long flat screwdriver,0,0,0,a9a50b7f69a92a2af7017cfd14b084d2,a75824e7c99da1cc567fab64e79316a9
Magnet,"14,426","14,426","8,009",9fbfd06c63c8118d144e6f883257803a,94c048cb427074e4c4484cea5e52abb6
Malboro Cigarettes,"9,422","9,422","1,392",d7a89675201903ad6f8f20a92f5b4d6b,0486a2e7fdb9518e964f64bb1086605b
Medical bloodset,"9,691","9,691","6,152",9a8d79a3ea896e53fcfdbbfdc600c30d,9d2e32730b5069a9257a0ecf16f3efa0
Metal cutting scissors,"14,769","7,385","14,049",638cff4d711b5f879b771199c11c8857,d8b66a02a5bd9f7d86d67c2828dec3b8
Metal fuel tank,"10,143","1,691","3,024",9893829c543c1b9d17e6c78e716bbc01,1772ebc67187b28b270254a798c09b7f
Military COFDM wireless Signal Transmitter,"113,945","56,973","91,665",1f7cff96d347c491f19897237d91edf8,de74dcccb62d738568de7cff5a7f8b2d
Military cable,"72,488","36,244","25,956",fcc75d476bb516f6b937b4728a4fb756,1af11f65a862887e982dc3b0cb02411a
Military circuit board,"174,705","174,705","25,2",80510bc69051f218c341b2787dcf8af3,926d09a2076f1e70af6ea40f75433578
Military gyrotachometer,"38,764","19,382","39,06",92b8c7067007b74248aef2d6ca154aba,05ba0f888d11fc19b02d29edfa15106a
Military power filter,"807,003","807,003","34,65",53e1459324d19eac6a037873e7b15ea6,d464bc23d5252a7b27eef33c75d447a0
Military thermal vision module Iridium,0,0,0,e15442f6300b55a092c84819b5d51b68,f2feae8f8357f59303c03af373cb90fe
Motor Controller,0,0,0,No hash,No hash
Motor Controller,0,0,0,No hash,No hash
Motor Controller,0,0,0,No hash,No hash
NIXXOR lens,"63,707","63,707","15,939",c261ceab2c9626a0549138bfca7a2701,ecd9c43456d4a3d8e617f35702077eac
Nippers,"4,203","4,203","4,095",f46e138c05864a0a0097c223677c8d9b,57c05bbef6fa89100d84e6b421d1ae18
OFZ 30x160mm shell,"61,352","30,676","35,28",6f2d928719d37cdf34928c04584baf82,8ca39700ba466b6e25480a3d3e480eb4
Old firesteel,"39,001","39,001","39,943",8cfa3b5801c87c2d39a08191e9640827,34c2a674915d9686de8b17b6d337e2f6
Ophthalmoscope,"198,796","198,796","53,495",0abac9c2fb67c57762f2f09ed51c99fb,6c393d5f2f0729a620fcf2842914759d
Ortodontox toothpaste,"4,531","4,531","3,402",a5cda215900808dfa780877cbdc20c21,03bdf92f0bce132366960cccace6f057
Ox bleach,"10,307","5,154","3,772",614eccd11ee0061197f190c856646fd8,bb43021b47c2412bbd776628ee08edf2
PC CPU,"9,01","9,01","8,766",7ec3d2a2a2581ee7763425fe24c1b044,0949db2ca1ccb8b49bed084541abf526
Pack of chlorine,"17,995","8,998","6,93",900ac2ca8952fc880dbe08739385ea3c,65f21104bcd7cba5ad305ca386b33b2b
Paid AntiRoach,0,0,0,fdf1ff00997861d98ddd4bee3662565e,70ac809f193625355b6a1c2096b18685
Paracord,"25,857","12,929","14,175",ecc8e8839d740b8ca8d35d47b5236076,ccc833db56aefb8e18d2faacb6c1511c
Phase control relay,"11,714","11,714","5,985",e6e9208fc9623fe304a853e102372e94,3ca1a2675039f6680d08a1247adf4668
Phased array element,"109,302","27,326","104,58",c2a2e0f57575042fe0a7cf1e513ba9ce,22fc8b0575bb35d3f1349032a2d8f22c
Physical bitcoin,"271,935","271,935","271,625",85153d5e6f4e28642c89a81924904278,No hash
Piece of plexiglas,0,0,0,70449e2ee5c215d8d20c260b8b9e225f,95284c4936194291822bf304a4494aff
Pile of meds,"8,543","8,543","4,095",b40597e6d396f5564aa82eb647f43373,abdc0bcc0a3ac60953d8a24b3eee0e44
Pliers,"10,974","10,974","7,294",4ab757c9f466011d2278ec987948b499,fa41770b72b3d5f8d9cd0a529b494be5
Pliers Elite,"10,974","10,974","7,294",e914dde229de2d4291f236833a1b7931,69eea366dd4c384cc8327d9d4e9c2027
Polyamide fabric Cordura,0,0,0,4cbeec376620326f9f016998d78d7996,073276f5764efb2e4d252900f7f2af88
Portable defibrillator,"149,58","149,58","141,498",c94fc2b920bc4c6dc0405830ffc55cd6,954cba425f1353a0a78fed757b10ce6d
Power supply unit,"43,166","10,792",5,bd18f0f6588ee9e33f2bdefc00d41c2f,107f1f4b5ae2a54fddbc281f97cc6eed
Powerbank,0,0,0,7ac90a608741f65fa1000ccfcb4522bb,96c95a4b8268adf90afda417df016ccb
Powercord,0,0,0,82ebd9f96235beee424e74e180717539,0584e23e4b4e475b4542d9934a5d2541
Pressure gauge,"39,958","19,979","38,556",167f511258b92d05e3f4fc72c416db5c,b78418b94fbfa32f6ef1ebb8fdde2ea0
Printed circuit board,"13,875","13,875","8,032",cd48eb51e10d6e1ed2d7cb5fc0e60cc6,1935d94d42bf3132ffa7a842d758da6c
Printer paper,"15,726","7,863","1,472",d492aefdb03a07344f5c8853f08fdf3e,18019a9103bdc9ebc148072fdeae0f35
RAM,"9,935","9,935","6,909",462191f5d4465fab84715a89f2003eb4,3c68a1c67dfa8a821c7049b819904863
Radiator helix,"9,222","9,222","9,135",6db719599d583a8599815ca81d484e14,ce8f2ea3831dbc358e367513cef6c308
Raven figurine,"29,824","14,912","30,24",384789849c1746a8e0c82847b2a12b21,735645e33023acdec287439811ec1517
Rechargeable battery,"29,266","29,266","10,732",870484edf98ec43fa4717a027329b90e,b9cbb3fa441a509c7e4d539f1d05e326
Repellent,"9,039","4,52","5,328",6c5563a68d64cfaaeb8f9aeb160e7184,0efdb008657d5ca83905ba470c9e2851
Ripstop cloth,0,0,0,c21f27a6deaadca4939c6c4c96c63c94,e3a888e9fc74f73b302494b3d3304e2d
Roler submariner gold wrist watch,0,0,0,07898e974323d057ee149b3929680e1c,851c1e3023755567310f08af066532d0
Round pliers,"14,214","14,214","2,772",a99b2e7279d06cc30229089a36992dfb,2592f648b5b7b53a62e8feb253cb30a6
Saline solution,0,0,0,11ceebc2832b5ebfeeb8b115fd5070ac,ba4629af8acdb63d79c4fb50b82b8063
Schaman shampoo,"16,443","8,222","4,41",7b4244f189f4e15fd3874ad1fa3aabc2,36014a610045ab46b0edfa7183dff085
Screw nut,"13,642","13,642","5,481",9a0c1a8714cb215ac5f6f3b08502179f,e89c6c71a1ee34680ff0a0334314ce4b
Screwdriver,"10,627","10,627","1,164",63052baa8fca27d554c2777cc0835b8d,67dfcde3a1a0eb341e368d0128c1d56a
Shustrilo sealing foam,"30,758","10,253","22,366",4027a7e185c18eaff026ed114f410d77,42ec59b63595e2e07b566190c8a06231
Silicone tube,"11,628","11,628","11,907",385d8d45e6979bf2794c8fde3a323e99,1e045d5e7f7135e225b5fafa8a7a39d9
Silver Badge,"36,598","36,598","37,983",913ae35120f62c8c9f4972743a7bb47d,4beaa4036e185bd7efeb2abfcff92b2d
Single-axis Fiber Optic Gyroscope,0,0,0,No hash,No hash
Single-axis Fiber Optic Gyroscope,0,0,0,No hash,No hash
Smoked Chimney drain cleaner,"14,369","7,185","5,958",2d07b0b7b9ca037cf71a94f55b38cc6e,6e2aa1ba845645b5055e693d8833c99f
Soap,"10,918","10,918","2,451",b5a2197b47395cc4f8b2dfa0898564c2,e42ebff9cdc87a79be5ec6a3a04aa8d1
Sodium bicarbonate,0,0,0,dc40e3a5a857c3f5af9b5ff3cfc4d7b7,0be8a3e9be0dec6f4a7b4c79980c6e9f
Spark plug,"12,717","12,717","6,923",8511fbd7b38ca8978f8f5cd5603717b0,a8a8530851b3f84c1991d4f5a903ad4c
Strike Cigarettes,"6,05","6,05","1,966",c96d24182ac250c2336d76c936628a32,5c60b62239e5317d7e0932710c2439cb
SurvL Survivor Lighter,"12,824","12,824","10,08",2cd43a3cd56f3e63449beec7fbb6aee4,d0fc1b260636d18e175d3fc0bacef227
Syringe with a chemical,0,0,0,No hash,No hash
T-Shaped Plug,0,0,0,9d8865e5195219c8a742dc3fae3f0b12,203b1336bfd0eb02a721536f5ca18e71
Tetriz portable game,"75,68","37,84","75,6",c0645509276ab668607b167dfac5f95e,a2c491b7fb0cacb5a77cd6f599455413
Toilet paper,"5,582","5,582","5,544",2c35087e59d803c5eba91fad22417db0,cc52f7c43f51f323e50be4afd1dd06cd
Toothpaste,"5,756","5,756","1,214",8e41a016284baeb2281d9b1b7a56261b,bae563757a6aae316ca18701736820ca
Toughbook reinforced laptop,0,0,0,No hash,No hash
Tube of Poxeram Cold Welding,0,0,0,4bbfb48cc92ede08bf973019278308cf,0d1705aa611e9db1442e57c3a5bc4726
UHF RFID Reader,"63,368","63,368","30,24",5051eb215bfe886ec6e4191fdcf04e60,70b62f10f0bc6be60823eefc5b7ffb10
USB Adapter,"13,163","13,163","1,094",5acf4e982edd8bd73da30bfe1b595a61,73fe8fef5f5004aa6034f19c4c2fbdc2
UZRGM grenade fuze,"9,214","9,214","4,049",d1c52fbff0b73ba219de4ca90c085afa,79baf3c720da1f48c64464748433b570
Ultraviolet lamp,"9,004","9,004","9,799",3e90673b948ad44814644dfb16f5eb50,c76ec4c4589727e28b85a539d328d1b8
VPX Flash Storage Module,"111,994","111,994","96,012",045bce091f8191a364b9d6eb12ff422a,245b96e3c099bad8289a4264a595851d
Veritas guitar pick,"34,684","34,684","34,65",9b3758b221ceca1089220bc7c7bf0bde,b6d5d84b5fe2f78e1b7e97c378da8c7c
Virtex programmable processor,"79,682","79,682","75,6",40a38b6d2941613f90553dc86cccf712,f665dfee1c19ca2b58bed71074144499
WD-40 100ml.,"6,635","6,635","4,384",cbb00b26a9726242a4ce21bf5d6b86fa,ba9d29239e0aa7518e8b95327a4b0751
WD-40 400ml,"14,426","7,213","10,874",19a7d325af41d543079627dc4e488d76,7f54a2cc252e7ac3f569d70071c71f4a
Water filter,"22,24","11,12","15,435",872ee722dee26a58d463b6f094b8a300,f8a477e1565b98326ff8aaf55cb5977e
Weapon parts,"15,992","7,996","8,971",c7c5ea0b7ae010dd2524995559551d48,22a8b059e78f0f1decd2c256b24d6720
Wilston cigarettes,"5,895","5,895","5,03",70c2417359a0669e0fac017a980be71a,4732166437b072ec938ce9b0a61fceaa
Wires,0,0,0,2982bd64d452c7f6f5a8dc478cf580ee,7d39cdfe7481ad63b117556fd27c8892
Wooden clock,"52,094","13,024","52,489",1434d50227caf94e96ab7d3d2900f4ba,02722c29c8ff49a61bb036816cec3b62
Working LCD,"44,927","22,464","23,94",7398f0267f4cb2f214f0bed667b09325,cd80fcccf8603938afd62a861fb7e40e
Working hard drive,0,0,0,No hash,No hash
Wrench,"8,924","8,924","2,233",d08800a07199b8bc52954227df70bdd6,af3b7104d254786ab96acd5afe667827
Xenomorph sealing foam,"25,111","8,37","21,28",4f16023dcefff9e1e31decda2a87b79e,2e2ffbb4d7012a2eeb0b2fc16b8a154c
Zibbo lighter,"6,607","6,607","6,059",No hash,c0cc98e55cf056f11c108fc0549ed6f0
Zibbo lighter,"6,607","6,607","6,059",c67f10a1f7dd3e4f0dd68e172f962f11,c0cc98e55cf056f11c108fc0549ed6f0
Cabinet key,0,0,0,b98c264a2fbe53809df530a8ef3c59c9,a64708380f031d0f4978ee4a65e187f4
Car key,0,0,0,ddc1bfd6f7bba4e62a73c40ae5828843,3c13d547269b8f32ecd79e2cd328e27c
Cottage back entrance key,0,0,0,f37b5bee081a9df59f6be2e0e326cb3b,ab9317447511b721984fca0bfc8a12ac
Cottage safe key,"100,152","100,152","17,735",9bde9363b9d865ecb59e87ded8d5d6cf,bceb2c7f56a947812d0ab4cf1eb15ccc
Customs office key,0,0,0,6d72767212a9b15b601e427936974287,c126f52e602abfabea39db9e3b207f11
Door key,0,0,0,e01ff04ad4aa2cb6f2b094aaac2e5948,f8d2c6b54d9611812ac927a384499364
Door key,0,0,0,e01ff04ad4aa2cb6f2b094aaac2e5948,f8d2c6b54d9611812ac927a384499364
Dorm guard desk key,9,9,"8,946",d65420810550db1207afc52404729a0b,6aa3e5486d6bd1af2d65a7882836bb81
Dorm room 103 Key,0,0,0,2eec5aeba5ac6153f35b52e0792ffa82,58baefcb14a03b16d5536d8a255affbd
Dorm room 104 Key,0,0,0,0fd6dda1d6353e9347b2949d62fe5eb0,967e024292a1e2b52b8c124c913f07b3
Dorm room 105 Key,0,0,0,1652f54782432a67e03116188e4d4621,8403f1dd4b6a1015b7d3760cb0f97ef0
Dorm room 108 Key,0,0,0,a20168e02bd8aceccfc477e06056da1e,39820491f5ef25ea14104a3db4d19006
Dorm room 110 Key,0,0,0,34c224dceb425cab1eafc7ff1d94839f,8b6cb233049219ee2b39edf87e62379c
Dorm room 114 Key,0,0,0,be77dec7e1e0263502603804c326f0eb,f0930127bea97926066888eee36cb781
Dorm room 118 Key,0,0,0,c277217721a5a55142c3d8143d80b5d0,444a7bf184da5a51709108e118cd996b
Dorm room 203 Key,0,0,0,f01842b88241b38288c8343c1780a3d5,497b3c7336f8817d267c9a4794dc6871
Dorm room 204 Key,0,0,0,fe0c35148bd5b2bbf7be2c958d597b15,ea26c7f0cdae5e1e3744a885a0898b7f
Dorm room 206 Key,0,0,0,d5086863776fe1e6218f98dce81da350,89adc2c3ea1ed8bfbd01ffbf5c2bd022
Dorm room 214 Key,0,0,0,19a01b1bbc3bfdc54466e51159b13bd1,c5e75d4822d85288f724bbbb5f55517f
Dorm room 218 Key,0,0,0,a23444b8b1f950270d1f08c2674fc926,cf07b5d45fb3c3af773e134fe196eb31
Dorm room 220 Key,0,0,0,817872e117493ab708e90b8cd84f8947,ead7ee4699c7fb7a93d4f130506b7bf7
Dorm room 303 Key,0,0,0,583241aa24954a427e21bafc15bd0567,8aff263497a562d243921475a4ec61a8
Dorm room 306 Key,0,0,0,27b814887815ff6d263fc2549dba04b5,ee5330bdafc9bce58c70ca1a5cd16810
Dorm room 308 Key,0,0,0,0db201c12fff68f9c50cc08a2e7453c8,227c4cafe693d76436b3c5a1588d4bc4
Dorm room 315 Key,0,0,0,c9e77216b9a79b2c86467fa45bd1f19e,d03bdd8b6b76f7f4981807631caedd09
East wing room 205 key,0,0,0,51cd20662fcac07186a187b334c10f1c,9699180083c64d124d1e8798d2fa84e8
East wing room 206 key,0,0,0,2c1b92d0e1afef14972205bf88fd9322,3be3abc18f9419130cf8a3091a56b7ab
East wing room 209 key,0,0,0,c9f539547c9c2b4fc61b166b78a895ba,dc00c9fc1805238c9b1a3787880f739f
East wing room 213 key,0,0,0,53a5e1764e2d76d0ad79f102f038c39e,7ae6b94dd38cc1e62d42b87c2ddc9b13
East wing room 216 key,0,0,0,c096c342ababc0d1117791a653d028e7,165316e4286cc34aca1065c6a68f5767
East wing room 222 key,0,0,0,8b3ca6ca8587b2190fb5aad828d31edd,d1fc38e4196636bcd3fcd020b7627268
East wing room 226 key,0,0,0,0cd6f288b1a17f64d5f4383339d0e564,06d812d6c6c856fcc7dbf7d68d507161
East wing room 306 key,0,0,0,ca76ed350fa3d834a2839cf04f840150,b24584c0a6e27420d655a3e29dd43749
East wing room 308 key,0,0,0,157ff5942bb39bb255f89f8efb0e8d40,ba491296a409dd24969153af2173fa72
East wing room 310 key,0,0,0,04c5c78306318b0ef577a54ec201a4e7,e1cdcf82006821dadc6fc5714b342298
East wing room 313 key,0,0,0,6c5d137687c6371220e02d288035e6f6,de44525dfb64f64620edbf5cbf5e8eb5
East wing room 314 key,0,0,0,46d2500a50a932a938017b9207173511,70fb00e680cb8e0ed1bcb0212fc200dd
East wing room 316 key,0,0,0,a96b76d50d23200d8af424f686d51833,3dae3b6acdf95c7bf367085daaac8f1c
East wing room 322 key,0,0,0,767e2c21e9fe5e7db6a5bd992a042480,e66bd6d4506800d8aace98da493c3c68
East wing room 328 key,0,0,0,e6de0d0ca190d1529a3a33a8ea4e4655,af2b0141565b092afa8452c29302f658
Factory exit key,0,0,0,c0ba72a5037b280a5ffe34bdceb4b6e2,7b9c0aef7b3d8646c23af5adcbfb2018
Gas station safe key,"34,404","34,404","32,76",5aae0ef1a67c290a6c4746785cdbc5d1,a01b60295a9c99f6b66b1ae0f8a36874
Health resort management office safe key,0,0,0,bd6d2a1e34a00cc927f70d33e7bb5661,3b541270ba8ee5ca30696f526aa26d16
Health resort room 321 safe key,0,0,0,3c48b1776e27a957a24beb76addaf0d6,206fe1cca843512bac0b1498526eadba
Health resort utility room key,0,0,0,a2cb9bf879ff1109c624a28cffcaf13d,bef1419fc589167e09593aaa9a3a5c81
Health resort warehouse safe key,0,0,0,07f4b39b6de1c9d1405759bd391b9845,a9023f167a9e7095256d4d62c1373348
Key RB-PSP2,0,0,0,b9d1677288cea4898b47282934e096ba,da95e930670ef989c939c948316b28ec
Key ZB-014,0,0,0,baedcb9e8a9f8d962ba1af710c104a84,21f088facf7e5b0f42ec9a4d03fe7c2d
Key card with a blue marking,"244,663","244,663","31,5",8f03cbc5ce419ce5913ddd57bcc242cc,ba644f448c3d218ca675fcf2c74d1cb3
Key to EMERCOM medical unit,0,0,0,c7fd7def79c27a919fb54fe22845d2c0,d7a6428258dc9d6f32a64c907cbfa033
Key to Goshan cash register,0,0,0,7bf56e0fb7ef4f9e517943973e7d3833,a89e8753f6c093e2cb3c421eae079303
Key to HEP station storage,0,0,0,9276e2dc4a8035d4729d02bb3d5dbfa4,3b47d74eff7b0c423a46b6608985888d
Key to IDEA cash register,0,0,0,2791b593b60c3a1898479380e088e646,62a00b4b5f5325f6f90abe0a7f1855f5
Key to KIBA Outlet grate door,0,0,0,d7113554c99045f4744ad1befdd239a8,a675f1ca32bb7af43627a8d4b3e6354d
Key to KIBA store outlet,0,0,0,afb75dd4a3bfca6b4e3b385d206b39ce,261c999e73de751858602bc73f363a9f
Key to OLI administrator office,0,0,0,2b79f4a60bc817de136135b0bee5223b,c7ccd0a335c277cde9c5d9c93586e08b
Key to OLI cash register,0,0,0,84956376fdb2b99d202307d7873af6a1,3f2a815e9173fa0460b9af20929ba584
Key to OLI logistics department office,0,0,0,16dee7726d9c4e196237ee44971c8ba7,491f045aad56388346f4a448048c9c09
Key to pharmacy,0,0,0,3a0f4aa22827c32113e87cce1491edac,0399a0cacbd6e176d52cbeffb417625f
Key to store safe,0,0,0,2a3306813b123c1125954b856f51c01b,43b769de23f7f38a989acdb86ed97273
Key to utility room of OLI outlet,0,0,0,481e1b02dbaa4cbb1c9ca1a048d278ec,0da10a4ad5e50003bea642a9d5d0b3a8
Key to utility room of power substation,0,0,0,723d4fe5abf65323ad26920a1d38aaae,84603471ab02b44dbe74e1d39f26bd27
Key with tape,0,0,0,9135ad17748ba615493f57e1c4beeb76,81d16c5cd5629ce3dffb8c68d6e68aa6
Lab. Black keycard,0,0,0,377455dbf169da293ee723120238df60,8a0ec2cd1a5f055c7361608dce30eb70
Lab. Blue keycard,0,0,0,a23f702ec068cb756bc942ac299bbe82,7d22b9016994aea8d5870f5a7a375040
Lab. Green keycard,0,0,0,No hash,4ed3196ef0666ccdcf23922136988cd3
Lab. Red keycard,0,0,0,6bc6650cc097f3983e12749befb3aa39,8abffa3de481a22a0df4218ea9770515
Lab. Violet keycard,0,0,0,887f0306d69892b63de7f39f2d63a352,ebf250a2889cfa593fd25a69324d590f
Lab. Yellow keycard.,0,0,0,35b82a729b5e8bdfd4a09a894b094619,efad0e14b0babed594b7614e81398eb8
Lab. key. Arsenal storage room,0,0,0,754d22fad00f59512e116c353b2a6679,a7f63a2849633878dc75af8a896ccf82
Lab. key. Manager office,0,0,0,4a1489547dce39e36b6822023e9ee1c3,713ec1419306ffd064501cfb19b1a0fa
Lab. key. Testing area (weap.),0,0,0,03fd4d7d87d3941d0c89ba00088507d2,0a28b2a90fc59501533d1a5ba5fa4153
Machinery key,"10,834","10,834","1,269",bb24ce46baf708b6d353cd1083631d12,174223c3927203692ad90e7963f6fe71
Marked key,0,0,0,33d007b6a97df4571ebe1d4483d070c5,c0013a90056d07a06ad16c1451460c7e
Military base checkpoint key,0,0,0,12da48f0cf033b7bab3b92eed4cdae2f,b5e4a34c0ebc65d81895467b1794f10a
Object #11SR keycard,"1,553,622","1,553,622",63,4454fe68dfe2c06e87b4e948c405215f,0209543cc9fa26bffc3a70a80064c2fb
Object #21WS keycard,"950,666","950,666","31,5",8ae941f1a8231d2d3473aa9379fea3a0,ce5ebb0539f25dd4289d2fb130aebd57
Office 104 West wing key,0,0,0,db9b8ec7b4e6f76ba9e5f1ca972e6e81,3e3dcdc708cd879922f6bdcdb793a415
Office 107 East wing key,0,0,0,c504b529548802d95f2cf085ea3a4b7e,c49922526065037321517fd582dda7aa
Office 108 East wing key,0,0,0,64170ebbde1aefed530a4757aa283306,61e7e9583de39727cc9bdcc2b04fdfd0
Office 112 West wing key,0,0,0,bb3203823389885567c111f018ac63af,66b32561d34345349b61744ba503a186
Portable cabin key,"5,989","5,989","3,591",8b317c0d1d3912cfb721b5f5731b5178,6bb65fc325eada5ea35fa65a97f38492
Portable cabin key of customs Factory zone,0,0,0,b34684534597298ad863129eed153302,1cca47c8a5cb7472d95638ac2903cc31
RB-AK key,"45,841","45,841","27,09",5f38a74651d142d508858f6a396247f8,48ba3a5a1a4e136551748f9af6106537
RB-AM key,"85,217","85,217","28,35",56cd2dc1903320b5bef3fb88b1ed4d28,67abed8a95ca7ed30217a8088a125b1f
RB-AO key,"44,135","44,135","37,8",68f8cd9bb620053251150912d5fc6e25,eb1dd5f6d0f23a672d4a1d14bf23e781
RB-BK key,0,0,0,38262594fbba624db466de68d7b66cb9,fd4ef2d4e8ddbda3fcf4000b9a13a1c8
RB-GN key,"64,374","64,374","31,5",7f1ecf18db911f6fe8e3a90dbf1b3d8a,69f33c323a8771580a06027e0fc5dd1a
RB-KORL key,"93,869","93,869","25,2",355255885fb3b02e4e84cc5a994a61ad,c3065e1c4622af9fa36e27ad3ab21e0d
RB-KPRL key,"182,143","182,143","32,76",9ac3503763aff7a8c3f0147f96f6bc56,No hash
RB-KSM key,"477,841","477,841","31,5",ffc64b608a577e4bd2c1e8a8063b193c,1ab3c89770d9eaa5f9fd754add5f7424
RB-MP11 key,"70,429","70,429","47,88",aa69f2a07d48f004994fd7c55d8f5239,8b884de21563d5a9a1249fa7c07b7345
RB-MP12 key,"49,071","49,071","26,46",502adbbc558dd4da6132183171ed9436,b14b141fa35b88f28b9b39eda07bc490
RB-MP13 key,"75,936","75,936","42,84",e95b4041ee4c69bded19b85cdc9b11e5,73b9d9033e6661f0cd92bf3d39af53ad
RB-MP21 key,"111,428","111,428","40,95",c11b63d185fcdbad1e63195ea4be7547,d01b7ec5eeaeaeae6743869f586020c1
RB-MP22 key,"105,444","105,444","43,47",9557fb11571b7eb89a599d73b6afc37d,a76fc3645dafbf3c411cc55d069fd78f
RB-OB key,"401,857","401,857","31,5",e495ba6d41d1eba08ad351b49938cab5,a64ed2c3c1be068ae800e25499ca8915
RB-OP key,"106,525","106,525","25,2",e5048ccc27022a65d80c060d1030c00f,dd8ffe28ba0d4e2424f49e3e54ab5a02
RB-ORB1 key,"411,821","411,821","30,87",3bb0f2ac3a640ccaa7789a3dcf0054eb,b0ae01654e4fd81eb116978ef11d24c2
RB-ORB2 key,"188,481","188,481","32,76",cfd7ddcf513c83dc10c4cc6d40749b6f,4bdb2be010d431d74c53dd1edc1268dc
RB-ORB3 key,"367,638","367,638","48,51",62cb019d7531a24f05dbf351a849f981,ca995c179a0c2a2585d8f6396ea558c4
RB-PKPM key,0,0,0,3a9d532b1274258f3404bc2da02acd1e,e2d6341ed6e628552269572eff18fd07
RB-PP key,"28,305","28,305","22,05",ec1d630e4042f9fe7ad5277f0c9ef240,bd5fc9a229902892a3fb67b0d336f158
RB-PS81 key,0,0,0,382e8b5729d1c0e4a9c468e99e67a6ae,f47300f1dfdbb715e5cbb0f835398b91
RB-PS82 key,0,0,0,c66029006947ba381ca86bf904902474,2a647a1b5507fb465e2ba7578a92130b
RB-PSP1 key,"99,815","99,815","34,65",d26c18c840016c574212a0646bda73d2,c78a1a52951b65de8e8d700eef690c3a
RB-RH key,"49,601","49,601","40,95",36f3cb87fa0f6cb6b28ff60ccccf9973,bff06ec0b2286d30b18bfb7fffc76e1e
RB-RLSSA key,0,0,0,3e3f8b5edfb9f843fda841a773eada97,50d6ea6d2da5bb87b34dd12dd6a51525
RB-RS key,"60,79","60,79","37,8",e26c9ec14a0d0aabc91fabc4817faaa8,079dc9afde5dfba91794323aa5db0084
RB-SMP key,"1,242,623","1,242,623","31,5",e70105a325eec17e837695dfe3c2e5ef,6953704f09719354f99dfbcc75be3ce9
RB-ST key,"6,800,000","6,800,000","34,65",074321e0c605aeb545cc2375a9a87846,bef1419fc589167e09593aaa9a3a5c81
RB-TB key,"77,944","77,944","31,5",3bd54894869d44766c26663c02b35b8e,251c682a1813fad1244f189dbd4142ec
RB-VO key,0,0,0,2576c01c1cc25d60b0d56ef1e9a7a26e,9faff3e00bb378a95ad1a4db72d078f6
SMW car key,"11,572","11,572","7,835",12f9f45b7fa2d28fc48bb99844c7eb3f,c7d8e410ac64ca884754badb4e60bac8
Shturman key,0,0,0,0d8e3b618f5b9e72fc08f40c45d268ed,300468730fc7833e77de82d71c96a2dd
TerraGroup Labs access keycard,100,100,63,69d2af434036652955813af599bcf4cb,4a0a0f62ef4c32c813b0a26e3b409472
The key to the closed premises of the sanatorium,0,0,0,No hash,No hash
The key to the gas station storage room,0,0,0,77be7e471de2baf1046a7e68c6c932cc,7fc891e06cd640fa8c1c209ee6d94b2e
Trailer park cabin key,0,0,0,e8aba4fc9263b50c626f0c60be081f48,46e4872cd90e6d29ad6d0b5bbb069d70
ULTRA medical storage key,"1,398,695","1,398,695","44,1",No hash,No hash
USEC stash on Customs key,0,0,0,9ce0b8e16018d33de2108a45cd0d7d90,e425efca2c673fc5ac5b29902a88b365
Unknown key,"8,341","8,341","1,011",33b3eca506dc5dcb26b882edf98c98eb,d08a19b32be44e937d51692c05c9bcc9
VAZ key,0,0,0,476f92be12e235306480ee8cb0973116,e346ee264d8a223e3c2b84cdc2b2bd9c
Weapon safe key,"12,922","12,922","6,93",1cf865f6345d8e1fea110a93326cdf9b,f44857de9c7ed5aa3f93d21badc7c05f
Weather station safe key,"46,747","46,747","47,25",24dee5715e4d1014df3696b039b6d016,b3610ec4cf175adee5750636342a0d81
West wing room 203 key,0,0,0,8c9ef684de6d024d2a58d8bf066e5627,a1c9de34bc26a684645f736462280c37
West wing room 205 key,0,0,0,7195a284b4cbbbb9c885fc205de49131,8444a068bba36c0465046ae3339a067c
West wing room 207 key,0,0,0,7195a284b4cbbbb9c885fc205de49131,e472fb4af30116b57d2339f57b0bed9b
West wing room 216 key,0,0,0,eb62b79e882cfdac96ca584d363ddfaa,b55ea868ea7cc1c40ce7decb76b24d01
West wing room 218 key,0,0,0,710903b9bbb5bbb40ca78b55ec6dd65b,ca4b6b7f9882b88bb0468252ce4eb501
West wing room 219 key,0,0,0,285cddfce20fc482eaecaa131a613436,eb596702412843dc2812a3e0ae943fa9
West wing room 220 key,0,0,0,1db7e7fa050d180ad77dffe25fb44707,8e8d31210dccb7a7a95be649ade4add0
West wing room 221 key,0,0,0,1f95afb711cebfb7c61e138ce4dc7875,08187f8e8fc2c1c14f13a47de6cba4ce
West wing room 222 key,0,0,0,a2f6a06a85ab0ab0d8c8c2a94202706d,f262e02bebe7a24322dd7484d0c90503
West wing room 301 key,0,0,0,cf7471f3e77356899ff05d987163e287,a8713d75748891aa62ad2ea95bcd39b2
West wing room 303 key,0,0,0,7195a284b4cbbbb9c885fc205de49131,11ce2dc2886be7c85a92cdc9db8b2782
West wing room 306 key,0,0,0,f455085958951b4b1145c5e230eefc27,7b72026651a6402a44c1e95402117271
West wing room 308 key,0,0,0,No hash,No hash
West wing room 309 key,0,0,0,320403b96324adc6bf2e7b0a6f14ec94,fe2f1584f151041d6595bb0ab698584e
West wing room 323 key,0,0,0,c1a1df22a15dc6f830dd24775a78a4f1,b5a565bb649000a34b487cf210fd366d
West wing room 325 key,0,0,0,e1f4a567fd162049b2be7faa17cdb2df,040df2aa77d4e2d609c5a11e6d47017a
Yotota car key,"6,818","6,818",630,bffdbc601e1adffd0762c7e01657e793,544f76e4acf14dbab0ec65a3779cf595
Dollars,127,127,0,363d83e02d38372f67b3bdedb7d03b84,cfe835bbe43bdc027c0b95448650a870
Euros,144,144,0,59fbed5a6c5e136f103989c3548d2f8e,b306ae9a750cdbf7c23cd2651aab9c65
Roubles,0,0,0,No hash,No hash
Wad of roubles,0,0,0,No hash,No hash
Customs plan,"18,7","18,7","8,46",e5fc5dd9dda11cf4c032b5032286ca3b,2d52e7e9951595f2a3b03fa3e5d87611
Factory Plan,0,0,0,5b3c2375dc8a4d92207f2ba303c4cc91,18dd0834ce7732c0403bb2d22a65cdc7
Interchange paper map,0,0,0,7e441ec3a86112d9d6a40dd99f1f64ed,4684839099eddc837a565ab06df31936
Shoreline paper map,0,0,0,88f3b7d0ae112ba82fa5860718b89353,fba80eccb993080eb52210d60a40902e
Shoreline resort plan,0,0,0,e50a0b90102871213a6bf2e9369e6f4a,ab6671b495ff1193a150b08b801b9004
Woods Plan,0,0,0,bdafb63db5ea8313dfbcc98e22fb3df2,ab6671b495ff1193a150b08b801b9004
120 pcs. 5.45x39 BP gs ammo pack,0,0,0,No hash,956493c4a00d2c0262704a9da0ce6277
120 pcs. 5.45x39 BP gs ammo pack,0,0,0,No hash,956493c4a00d2c0262704a9da0ce6277
120 pcs. 5.45x39 BS gs ammo pack,0,0,0,No hash,No hash
120 pcs. 5.45x39 BS gs ammo pack,0,0,0,No hash,No hash
120 pcs. 5.45x39 BT gs ammo pack,0,0,0,48a3ec8f3a52b20900ddc4ab4f072938,6a362dbfba3723c60c83f1272da67f42
120 pcs. 5.45x39 BT gs ammo pack,0,0,0,48a3ec8f3a52b20900ddc4ab4f072938,6a362dbfba3723c60c83f1272da67f42
120 pcs. 5.45x39 PP gs ammo pack,0,0,0,143beedf5996e3d0ec6c57bea398a79c,c69354fa4da98e6d3d4a1c3bffb9e904
120 pcs. 5.45x39 PP gs ammo pack,0,0,0,143beedf5996e3d0ec6c57bea398a79c,c69354fa4da98e6d3d4a1c3bffb9e904
120 pcs. 5.45x39 PRS gs ammo pack,0,0,0,e76e533e9a06d11a5b7fb3473d9c5cdb,5880034ad19cdfcc93d5e615312c0047
120 pcs. 5.45x39 PRS gs ammo pack,0,0,0,e76e533e9a06d11a5b7fb3473d9c5cdb,5880034ad19cdfcc93d5e615312c0047
120 pcs. 5.45x39 PS gs ammo pack,0,0,0,No hash,No hash
120 pcs. 5.45x39 PS gs ammo pack,0,0,0,No hash,No hash
120 pcs. 5.45x39 T gs ammo pack,0,0,0,No hash,No hash
120 pcs. 5.45x39 T gs ammo pack,0,0,0,No hash,No hash
120 pcs. 5.45x39 US gs ammo pack,0,0,0,ff0db0d02105dea5dfeeabad7d80831d,f3279f1f2c7a77586386ef6a96e81deb
120 pcs. 5.45x39 US gs ammo pack,0,0,0,ff0db0d02105dea5dfeeabad7d80831d,f3279f1f2c7a77586386ef6a96e81deb
16 pcs. 9x18 PM BZHT gzh ammo box,0,0,0,bbc5df197dda02ce489bbd35e5427b77,cc7f06500498e7c4dcc4b8be6e688d24
16 pcs. 9x18 PM P gzh ammo box,0,0,0,No hash,b874b14ac0ad193bd2107f1ecb63d8cd
16 pcs. 9x18 PM PBM ammo box,0,0,0,986a42c8992ac35f7395d22fac92f652,2e94ce2afe957fa806d87a85c03d54e0
16 pcs. 9x18 PM PMM ammo box,0,0,0,1b81d1b2acfc5ab4f643c22a27b1e20a,e0c3fd8303bd61ed27c50d79e669436e
16 pcs. 9x18 PM PPT gzh ammo box,0,0,0,No hash,No hash
16 pcs. 9x18 PM PRS gs ammo box,0,0,0,No hash,No hash
16 pcs. 9x18 PM PS gs PPO ammo box,0,0,0,No hash,No hash
16 pcs. 9x18 PM PSO gzh ammo box,0,0,0,No hash,No hash
16 pcs. 9x18 PM PSV ammo box,0,0,0,No hash,No hash
16 pcs. 9x18 PM Ppe gzh ammo box,0,0,0,8e89634a450e3d65b07ea57400b11c86,6d76f3e59697112e7430f26989b90f8a
16 pcs. 9x18 PM Pst gzh ammo box,0,0,0,No hash,6d76f3e59697112e7430f26989b90f8a
16 pcs. 9x18 PM RG028 gzh ammo box,0,0,0,No hash,No hash
16 pcs. 9x18 PM SP7 gzh ammo box,0,0,0,94092644de03a654c5fb5f90de53ae0b,b874b14ac0ad193bd2107f1ecb63d8cd
16 pcs. 9x18 PM SP8 gzh ammo box,0,0,0,f983b3a4d042420aba3bb0126e3748eb,cbf782d2e4b17439969091e999976d5e
16 pcs. 9x19 Pst Gzh ammo box,0,0,0,87018ff581f9aea3039152ceb88adfa7,7f830e2aeb0983ef4d62bfd690e18d8f
20 pcs pack 5.56x45 Warmage ammo,0,0,0,e944ac12c3ef0c3a9de841fb29d68740,aad4d35bba20885afd21b3835106785c
20 pcs. 9x19 mm DIPP ammo box,0,0,0,No hash,1d8488bb5d556a0e18a92aacac67df3b
30 pcs. 5.45x39 7N39 ammo pack,0,0,0,bc2c21b0e9828a3c7011dc7a20f7bb37,26198b0c7a8b51572f1b9bd58ac9f9ad
30 pcs. 5.45x39 BP gs ammo pack,0,0,0,No hash,956493c4a00d2c0262704a9da0ce6277
30 pcs. 5.45x39 BS gs ammo pack,0,0,0,71644faa3cf73f7ddf6f54d60578d2ec,27015e809236d4c3edca78508f8f66d0
30 pcs. 5.45x39 BT gs ammo pack,0,0,0,a1ff9eb2af438e6e106570d1b7c857d7,ce92a01b0c398d2a2ede730d81251982
30 pcs. 5.45x39 FMJ ammo box,0,0,0,No hash,No hash
30 pcs. 5.45x39 HP ammo box,0,0,0,No hash,No hash
30 pcs. 5.45x39 PP gs ammo pack,0,0,0,59d42d5266f90950e9bbc46b59f2f128,70159ad441c77c1cd3a2716baeae1266
30 pcs. 5.45x39 PRS gs ammo pack,0,0,0,8c50c404b33822f858c28dc1db1e9252,8910c9b545fd64dc7a17e6997bba1eb0
30 pcs. 5.45x39 PS gs ammo pack,0,0,0,e34a9125041f36d5c3b7de3b2240e7f2,6fefa0b7d914351750702252aeb4556c
30 pcs. 5.45x39 SP ammo box,0,0,0,No hash,No hash
30 pcs. 5.45x39 T gs ammo pack,0,0,0,No hash,27015e809236d4c3edca78508f8f66d0
30 pcs. 5.45x39 US gs ammo pack,0,0,0,No hash,No hash
5 pcs. 12x70 DIPP ammo box,0,0,0,6c86d16fb006644e4a1e8ebead215cd0,5aae84535e5a5a4fa73f01abc3a7a717
5.56x45 M193 Ball ammo,0,0,0,1ea1695f0eec9fe8ed408189de8ecca5,bd5c85ccba1903ea824b547a76664a5c
7.62x39 PS ammo package,0,0,0,c07d4eee05f7eb42fe52cdbdc780d7be,4c8d80a48a0548467287a4f36b443ff0
7.62x54 R SNB ammo,0,0,0,80b0cc87d9b302023f2f57332c384a05,78efd2b62e77f15fcf607a094fc11f3b
8 pcs pack of 9x39 7N12 BP ammo,0,0,0,3f57f66aac9aca429314851688e60f12,bd610b719a31220b465d0785eabe6592
8 pcs pack of 9x39 7N9 SPP ammo,0,0,0,ebe92bcacc357dd538547f3564330f8e,4cb303d15f7c73ec6763bd4e1475fc70
Armband (blue),0,0,0,17f8e3a5570fcb0795523a935f275408,de5aef599bd23f7729d2a94016cf2e38
Armband (green),0,0,0,8e9df9be0613e26208bc5d30ac2c8162,a18d5a9b83093a1e7c0425201510b5b8
Armband (red),0,0,0,da2d48bd3716fd93f52f2318b9959bd6,3bced6d8d83e5c87c708b1f04fe0e015
Armband (white),0,0,0,e155177a4a1e33f4c18e6eadc7d48ef1,b403af8de6e2dacca51004158f15ea43
Armband (yellow),0,0,0,556c6360f551e4c035e37424673ffb38,3c7baec1b9fb77acde2ee3971833a527
Bank case,0,0,0,No hash,No hash
Body armor repair kit,0,0,0,No hash,No hash
Carbon case,0,0,0,No hash,No hash
Clothes design handbook Part 1,0,0,0,No hash,No hash
Clothes design handbook Part 2,0,0,0,No hash,No hash
Diary,"31,528","15,764",$22,b24f61b4f66d28b1005d8fc4f8d4ef11,c7534e0d4979ca08b8f1ab1f3c14dd7d
EYE MK.2 professional hand-held compass,38,38,"36,792",78a769f50108d7a90dd827d5945000b9,6498f5e8c67d06749d57daccb186d593
Encrypted message,0,0,0,No hash,No hash
False flash drive,0,0,0,No hash,No hash
Folder with intelligence,0,0,0,c145c58adb995d08e7ae15f60a42f88d,994493425e5dd5b18ff2f428e89ec34a
Goshan cargo manifests,0,0,0,No hash,No hash
IDEA cargo manifests,0,0,0,No hash,No hash
Knife repair and sharpening kit,0,0,0,No hash,No hash
Leatherman Multitool,"20,937","20,937",$8,b49508beeeb7197f73de202eb53d2e23,9f029288210bc41056b63c65a7b0051b
MS2000 Marker,"27,444","27,444",$5,7d483b1eb0afcef962f299a28944ebff,e9682d5c8b860f84923a17cc6aa09f2c
Marked Ophthalmoscope,0,0,0,No hash,No hash
Marked with a blue symbol surgical set,0,0,0,No hash,No hash
Marked with tape flash drive,0,0,0,No hash,No hash
OLI cargo manifests,0,0,0,No hash,No hash
OLI cargo route documents,0,0,0,No hash,No hash
Package with graphics cards,0,0,0,No hash,No hash
Pistol case,"215,79","53,948","6,93",fef4c2a0e1643289a839e6820dea8e86,197ef25c641a12e9140db60d8903cbeb
Rivals 2020 armband,20,20,"12,4",No hash,782c8b55de3c13766987e4358460d323
SAS disk with drones,0,0,0,No hash,No hash
SAS disk with drones,0,0,0,No hash,No hash
SAS drive,"39,393","39,393",$36,4dd986541953c4125715cb744a630226,e4ebcbb10ac0edf9440fcf114e647753
SSD drive,"36,249","36,249",$31,faf5dabe124a1cf9918dbb47b2e18240,e2a949b0787e7284c74d86a14a33e816
Sealed letter,0,0,0,No hash,No hash
Sealed letter,0,0,0,No hash,No hash
Secure Flash drive,"59,27","59,27",$15,f4304af972ef45d7699ab3b66769a0c0,45a131416f3d9d6bc3f2ff10f371c095
Secure case for documents 0013,0,0,0,No hash,No hash
Secure case for documents 0031,0,0,0,No hash,No hash
Secure case for documents 0048,0,0,0,No hash,No hash
Secure case for documents 0052,0,0,0,No hash,No hash
Secure case for documents 0060,0,0,0,No hash,No hash
Secure case for documents n.0022,0,0,0,No hash,No hash
Signal Jammer,"20,89","20,89",$6,9d36dd343aedca74560de5bba8899b2b,647c36de98dd066ce528090296a1670c
Sliderkey Flash drive,0,0,0,No hash,No hash
Sliderkey Secure Flash drive,0,0,0,No hash,No hash
Slim diary,"33,396","33,396",$28,5959b75f7d0a1cd0a300dc211538fd7d,8584c947ad8d1f119ce3c1966403ae0e
Stash,0,0,0,No hash,No hash
Stash,0,0,0,No hash,No hash
Stash,0,0,0,No hash,No hash
Stash,0,0,0,No hash,No hash
Stash,0,0,0,No hash,No hash
Stash,0,0,0,No hash,No hash
Technical documentation,0,0,0,e0e8da56f3e15f41657925aebc53e132,aa974c27fff73b457686127263a7a1ed
WIFI Camera,"78,233","78,233",$13,77dad7da7c517ecd59b345aa9021ae59,9eb7f983ec43ad65fab5c7397402d24c
Weapons repair kit,0,0,0,No hash,No hash
photo album,0,0,0,No hash,No hash
